product_id,price,shipping_cost,marketing_budget,material_quality,category,season,customer_reviews,competition_level,is_bestseller
P0001,46.89,4.38,1212.0,7.0,Electronics,Winter,3.6,1,1
P0002,30.06,6.02,124.0,3.0,Apparel,Fall,2.0,3,0
P0003,52.11,5.1,1034.0,6.0,Apparel,Winter,3.1,3,1
P0004,96.17,5.51,54.0,7.0,Apparel,Fall,3.1,4,0
P0005,28.11,3.43,1409.0,9.0,Home,Winter,4.1,2,1
P0006,28.11,3.95,1924.0,5.0,Sports,Winter,2.4,5,1
P0007,100.03,7.81,327.0,7.0,Toys,Spring,3.5,2,0
P0008,56.67,6.04,771.0,3.0,Electronics,Spring,1.1,1,0
P0009,23.84,5.55,6940.0,2.0,Home,Fall,1.3,4,0
P0010,48.41,5.04,363.0,8.0,Toys,Fall,4.3,1,1
P0011,23.94,4.09,187.0,6.0,Apparel,Spring,,3,0
P0012,23.9,3.46,3936.0,8.0,Sports,Winter,3.4,5,1
P0013,39.23,4.27,7010.0,4.0,Sports,Fall,2.0,3,1
P0014,8.68,3.61,668.0,7.0,Apparel,Summer,2.8,2,1
P0015,9.9,2.94,2239.0,9.0,Beauty,Summer,3.1,3,1
P0016,22.34,3.54,3327.0,7.0,Sports,Summer,3.2,3,1
P0017,16.3,4.36,273.0,6.0,Apparel,Fall,3.0,3,1
P0018,41.26,5.73,372.0,6.0,Apparel,Spring,2.9,4,0
P0019,17.54,12.63,2913.0,3.0,Apparel,Spring,1.8,2,0
P0020,12.32,6.93,5024.0,8.0,Electronics,Spring,3.6,5,1
P0021,92.38,6.81,1307.0,5.0,Electronics,Fall,3.0,3,0
P0022,28.27,4.17,,7.0,Electronics,Fall,,4,0
P0023,34.72,5.06,7219.0,3.0,Electronics,Summer,1.6,2,1
P0024,12.22,5.18,352.0,4.0,Beauty,Fall,2.1,5,0
P0025,22.62,3.37,445.0,9.0,Electronics,Summer,4.2,3,1
P0026,35.79,4.36,,5.0,Apparel,Summer,3.1,3,1
P0027,14.8,5.69,4294.0,9.0,Electronics,Spring,3.7,2,1
P0028,43.08,4.52,1853.0,6.0,Electronics,Fall,2.9,2,1
P0029,21.75,4.43,1094.0,3.0,Electronics,Spring,2.0,4,0
P0030,27.0,4.64,1160.0,8.0,Electronics,Spring,3.2,2,1
P0031,21.73,3.46,701.0,5.0,Apparel,Fall,2.6,2,1
P0032,121.1,6.81,1300.0,7.0,Sports,Fall,2.7,2,0
P0033,32.8,4.09,50.0,6.0,Toys,Winter,2.2,4,0
P0034,15.79,3.01,466.0,3.0,Electronics,Summer,2.0,2,0
P0035,58.9,4.3,889.0,6.0,Electronics,Winter,2.7,3,1
P0036,14.09,5.6,167.0,10.0,Home,Summer,4.4,3,1
P0037,38.33,4.13,1057.0,7.0,Sports,Summer,3.2,1,1
P0038,8.4,3.85,520.0,6.0,Electronics,Summer,2.5,1,1
P0039,13.07,3.42,5467.0,8.0,Beauty,Spring,3.6,3,1
P0040,38.01,7.88,4392.0,6.0,Home,Spring,2.4,2,1
P0041,55.53,4.62,380.0,6.0,Electronics,Fall,3.5,4,0
P0042,37.34,4.46,555.0,4.0,Home,Summer,1.7,4,0
P0043,30.54,6.51,609.0,6.0,Toys,Summer,2.8,4,1
P0044,26.82,6.07,387.0,8.0,Sports,Summer,3.2,5,1
P0045,11.76,3.16,841.0,4.0,Apparel,Spring,2.4,3,1
P0046,20.01,5.53,268.0,9.0,Electronics,Fall,3.8,4,1
P0047,23.99,4.14,171.0,6.0,Electronics,Spring,2.7,2,1
P0048,69.41,5.57,1404.0,4.0,Electronics,Winter,2.5,5,0
P0049,42.12,3.98,1416.0,8.0,Sports,Winter,3.6,5,1
P0050,9.64,2.92,253.0,5.0,Beauty,Winter,2.8,3,1
P0051,41.55,5.7,1948.0,7.0,Sports,Fall,2.9,3,1
P0052,25.29,4.29,312.0,5.0,Toys,Winter,2.0,5,0
P0053,20.62,3.98,901.0,6.0,Electronics,Fall,2.9,3,1
P0054,50.81,5.99,1780.0,7.0,Beauty,Spring,3.1,2,1
P0055,68.15,6.72,639.0,7.0,Sports,Spring,3.5,4,0
P0056,63.55,4.67,1148.0,2.0,Electronics,Fall,1.5,3,0
P0057,18.4,4.47,358.0,4.0,Sports,Spring,2.3,3,0
P0058,26.67,3.52,525.0,8.0,Apparel,Spring,3.0,2,1
P0059,41.76,5.84,520.0,6.0,Sports,Fall,3.7,1,1
P0060,65.55,6.07,272.0,5.0,Electronics,Winter,2.5,3,0
P0061,23.68,7.92,538.0,4.0,Electronics,Fall,2.5,4,0
P0062,29.08,3.48,104.0,4.0,Home,Summer,1.9,3,0
P0063,15.27,3.05,369.0,2.0,Home,Spring,1.6,5,0
P0064,14.33,3.43,473.0,6.0,Apparel,Fall,2.4,2,1
P0065,58.48,4.71,489.0,5.0,Apparel,Spring,2.7,2,0
P0066,85.57,5.49,498.0,4.0,Electronics,Winter,2.1,3,0
P0067,31.49,7.0,618.0,6.0,Home,Spring,2.9,3,1
P0068,66.85,4.94,1182.0,7.0,Beauty,Fall,3.5,4,1
P0069,42.66,4.26,1900.0,10.0,Toys,Winter,3.8,2,1
P0070,21.08,5.27,305.0,3.0,Electronics,Winter,1.6,5,0
P0071,42.65,4.68,157.0,8.0,Sports,Winter,3.8,5,0
P0072,97.19,7.66,190.0,8.0,Electronics,Summer,4.4,3,0
P0073,32.3,3.57,371.0,5.0,Sports,Fall,2.5,4,0
P0074,99.01,6.47,436.0,6.0,Apparel,Fall,3.1,2,0
P0075,5.29,2.71,264.0,5.0,Electronics,Winter,2.5,4,0
P0076,58.87,4.36,140.0,6.0,Home,Spring,3.7,4,0
P0077,35.2,7.11,385.0,9.0,Apparel,Winter,3.3,4,1
P0078,26.86,3.53,827.0,7.0,Sports,Summer,3.3,3,1
P0079,35.31,4.7,1358.0,7.0,Beauty,Winter,2.6,1,1
P0080,8.24,3.54,341.0,5.0,Electronics,Fall,1.5,2,0
P0081,28.4,3.99,405.0,3.0,Electronics,Winter,2.0,2,0
P0082,42.52,7.23,219.0,6.0,Beauty,Spring,3.0,2,0
P0083,93.18,5.33,641.0,8.0,Sports,Fall,3.5,3,1
P0084,23.04,4.83,240.0,3.0,Electronics,Spring,1.8,2,0
P0085,18.8,8.03,1323.0,4.0,Electronics,Winter,,2,1
P0086,23.31,4.43,78.0,6.0,Home,Fall,2.8,2,0
P0087,62.85,8.53,432.0,4.0,Home,Summer,2.4,2,0
P0088,41.68,3.83,955.0,5.0,Apparel,Fall,2.3,4,0
P0089,22.85,4.0,829.0,5.0,Electronics,Spring,2.7,2,1
P0090,47.43,4.37,16842.0,4.0,Beauty,Fall,2.1,2,1
P0091,35.44,5.53,1012.0,4.0,Home,Summer,2.0,2,0
P0092,65.24,10.43,199.0,7.0,Toys,Summer,4.0,3,0
P0093,20.26,3.55,,4.0,Sports,Summer,2.7,4,0
P0094,26.33,4.88,79.0,3.0,Toys,Summer,1.9,1,0
P0095,25.17,3.59,604.0,5.0,Apparel,Spring,1.6,4,0
P0096,11.89,4.11,245.0,7.0,Sports,Fall,3.1,5,0
P0097,40.74,4.66,1995.0,6.0,Apparel,Winter,4.0,2,1
P0098,39.76,9.06,344.0,5.0,Home,Summer,2.5,2,0
P0099,33.23,4.9,578.0,,Electronics,Winter,3.3,2,1
P0100,28.1,3.99,310.0,3.0,Electronics,Winter,2.4,2,0
P0101,12.3,3.05,5359.0,7.0,Beauty,Fall,,3,1
P0102,24.67,3.49,452.0,7.0,Beauty,Winter,2.9,1,1
P0103,26.05,3.66,5997.0,5.0,Apparel,Winter,1.6,2,1
P0104,18.89,3.5,1767.0,8.0,Home,Spring,3.9,5,1
P0105,29.58,6.24,,4.0,Electronics,Winter,1.9,2,1
P0106,43.94,5.05,1035.0,8.0,Electronics,Fall,3.7,4,1
P0107,124.01,7.33,1067.0,6.0,Beauty,Winter,2.4,3,0
P0108,37.42,3.81,66.0,5.0,Electronics,Fall,2.4,1,0
P0109,39.66,6.64,476.0,6.0,Toys,Summer,2.9,4,0
P0110,31.43,5.37,1834.0,6.0,Apparel,Winter,3.0,3,1
P0111,8.64,2.86,627.0,8.0,Home,Winter,3.2,2,1
P0112,32.51,5.32,123.0,4.0,Home,Winter,2.7,3,0
P0113,34.54,4.71,625.0,5.0,Electronics,Summer,2.3,4,0
P0114,185.73,8.2,5141.0,8.0,Electronics,Spring,2.9,4,0
P0115,28.94,4.29,2970.0,5.0,Beauty,Winter,2.5,4,1
P0116,40.9,4.72,617.0,8.0,Sports,Fall,3.6,3,1
P0117,32.32,3.74,2083.0,9.0,Electronics,Spring,4.0,1,1
P0118,14.61,7.31,428.0,5.0,Electronics,Spring,3.1,2,1
P0119,73.7,7.56,86.0,7.0,Apparel,Spring,3.2,5,0
P0120,56.06,5.84,219.0,4.0,Apparel,Winter,2.2,4,0
P0121,57.61,5.16,4339.0,7.0,Electronics,Summer,2.8,5,1
P0122,17.52,3.82,479.0,6.0,Apparel,Summer,3.2,5,1
P0123,88.41,6.73,497.0,7.0,Beauty,Winter,3.3,3,0
P0124,12.41,4.05,464.0,5.0,Sports,Fall,2.4,3,0
P0125,49.94,4.09,6535.0,3.0,Toys,Fall,1.1,3,0
P0126,153.44,8.18,4680.0,7.0,Home,Fall,3.8,1,1
P0127,16.55,5.46,9533.0,2.0,Toys,Winter,1.0,3,0
P0128,22.28,4.09,550.0,5.0,Home,Summer,2.3,4,0
P0129,35.51,3.65,948.0,8.0,Home,Winter,3.7,2,1
P0130,23.28,5.51,108.0,6.0,Toys,Summer,2.4,3,0
P0131,11.18,3.17,3914.0,10.0,Home,Spring,3.7,4,1
P0132,34.74,3.99,164.0,8.0,Apparel,Winter,2.8,2,1
P0133,15.74,3.24,863.0,5.0,Sports,Summer,2.8,2,1
P0134,46.13,4.49,178.0,6.0,Beauty,Spring,2.7,2,0
P0135,17.4,5.14,328.0,6.0,Sports,Spring,4.1,2,1
P0136,98.0,6.54,244.0,3.0,Home,Winter,1.5,1,0
P0137,19.14,3.42,321.0,4.0,Home,Summer,1.8,2,1
P0138,26.43,6.45,348.0,5.0,Toys,Spring,2.3,5,0
P0139,58.53,7.43,344.0,2.0,Apparel,Winter,1.6,2,0
P0140,13.99,5.99,1808.0,6.0,Home,Spring,2.7,3,1
P0141,38.83,4.07,177.0,6.0,Electronics,Fall,3.1,2,1
P0142,82.68,5.88,867.0,3.0,Home,Winter,1.5,4,0
P0143,10.75,9.12,2869.0,7.0,Home,Spring,2.7,5,1
P0144,37.68,5.85,359.0,7.0,Apparel,Winter,2.5,4,0
P0145,39.72,3.73,281.0,6.0,Apparel,Winter,2.0,3,0
P0146,57.24,4.32,504.0,5.0,Home,Summer,2.3,3,0
P0147,13.93,3.85,2740.0,7.0,Apparel,Summer,3.1,2,1
P0148,13.14,6.49,,7.0,Electronics,Spring,,5,0
P0149,47.72,5.09,352.0,7.0,Beauty,Winter,3.7,2,1
P0150,40.77,4.76,1189.0,5.0,Electronics,Winter,3.0,4,0
P0151,39.46,3.85,177.0,6.0,Electronics,Fall,2.8,4,0
P0152,42.2,5.37,,8.0,Toys,Winter,2.9,2,1
P0153,20.57,5.71,1086.0,5.0,Apparel,Summer,2.3,4,1
P0154,38.96,4.39,460.0,10.0,Electronics,Winter,4.1,4,1
P0155,40.66,5.96,243.0,5.0,Home,Summer,2.3,5,0
P0156,20.08,8.11,230.0,6.0,Sports,Fall,2.6,2,1
P0157,122.25,6.51,,5.0,Beauty,Spring,2.3,1,0
P0158,46.14,5.0,2907.0,6.0,Beauty,Summer,2.7,2,1
P0159,14.38,3.44,310.0,3.0,Sports,Spring,1.6,3,0
P0160,52.44,6.43,1153.0,5.0,Apparel,Spring,2.6,3,0
P0161,16.74,4.29,54.0,4.0,Apparel,Spring,2.3,3,0
P0162,57.45,5.73,330.0,6.0,Electronics,Spring,2.5,1,0
P0163,74.52,7.13,641.0,8.0,Apparel,Summer,4.1,4,1
P0164,18.64,3.82,223.0,7.0,Sports,Fall,2.9,5,0
P0165,65.0,8.15,216.0,2.0,Home,Winter,1.0,4,0
P0166,44.21,4.97,298.0,10.0,Apparel,Summer,4.5,4,1
P0167,58.88,4.52,944.0,7.0,Beauty,Fall,2.9,4,1
P0168,124.93,8.03,531.0,5.0,Apparel,Winter,2.7,3,0
P0169,27.89,5.7,50.0,6.0,Electronics,Spring,1.9,4,0
P0170,19.54,3.66,52.0,6.0,Home,Winter,3.5,3,1
P0171,17.77,5.95,321.0,5.0,Electronics,Winter,2.8,3,1
P0172,18.71,6.61,1152.0,6.0,Electronics,Fall,2.3,2,1
P0173,31.38,3.93,50.0,5.0,Apparel,Winter,2.0,3,0
P0174,42.05,9.92,365.0,5.0,Electronics,Spring,3.2,3,0
P0175,40.19,3.93,354.0,,Sports,Summer,2.3,3,0
P0176,59.09,4.61,3519.0,3.0,Beauty,Summer,1.5,3,0
P0177,33.42,3.81,419.0,6.0,Electronics,Fall,2.0,4,0
P0178,91.6,8.61,1053.0,7.0,Electronics,Spring,3.1,4,0
P0179,27.52,4.92,788.0,7.0,Sports,Spring,3.2,5,1
P0180,222.32,9.42,52.0,7.0,Toys,Winter,3.5,3,0
P0181,51.31,4.91,1672.0,7.0,Electronics,Fall,2.7,1,1
P0182,18.17,4.48,861.0,5.0,Electronics,Spring,1.9,3,1
P0183,15.65,3.1,1224.0,8.0,Sports,Spring,3.8,3,1
P0184,46.42,7.1,20000.0,4.0,Home,Spring,2.6,1,1
P0185,28.32,5.79,55.0,4.0,Apparel,Summer,1.6,5,0
P0186,54.59,5.19,5269.0,4.0,Home,Summer,2.6,3,1
P0187,46.12,9.01,471.0,8.0,Apparel,Summer,3.6,3,1
P0188,31.47,4.26,939.0,8.0,Electronics,Winter,4.0,5,1
P0189,18.31,9.26,630.0,7.0,Electronics,Winter,3.2,2,1
P0190,11.47,4.5,400.0,8.0,Beauty,Winter,2.6,4,1
P0191,24.23,4.74,336.0,4.0,Electronics,Spring,2.1,3,0
P0192,60.31,4.58,988.0,7.0,Electronics,Summer,3.7,3,1
P0193,38.47,6.86,108.0,6.0,Apparel,Spring,2.5,2,0
P0194,13.85,3.75,1637.0,8.0,Beauty,Spring,3.4,5,1
P0195,37.38,3.89,404.0,6.0,Apparel,Fall,2.8,3,1
P0196,43.37,3.82,171.0,,Electronics,Spring,1.4,4,0
P0197,17.84,4.27,388.0,,Apparel,Winter,3.9,1,1
P0198,36.88,4.73,3007.0,8.0,Sports,Summer,3.2,4,1
P0199,34.49,5.44,350.0,5.0,Electronics,Summer,2.8,4,0
P0200,14.88,6.26,1023.0,6.0,Electronics,Spring,2.9,3,0
P0201,42.54,3.9,277.0,4.0,Electronics,Winter,2.7,3,0
P0202,49.04,5.94,,2.0,Beauty,Winter,1.7,3,0
P0203,70.68,4.93,1514.0,6.0,Home,Winter,2.8,5,0
P0204,69.25,7.51,6114.0,,Sports,Summer,2.9,1,1
P0205,12.62,5.44,539.0,6.0,Beauty,Winter,3.2,4,1
P0206,17.18,4.18,1484.0,2.0,Beauty,Winter,1.0,2,0
P0207,47.49,5.78,748.0,5.0,Electronics,Spring,2.8,3,0
P0208,47.45,4.49,3150.0,2.0,Toys,Fall,1.1,3,0
P0209,47.49,4.88,281.0,8.0,Apparel,Winter,4.1,2,1
P0210,249.99,12.59,,4.0,Electronics,Spring,2.3,3,0
P0211,49.38,4.9,527.0,8.0,Beauty,Spring,3.9,2,1
P0212,73.32,5.36,616.0,8.0,Electronics,Winter,3.6,4,1
P0213,64.57,5.46,743.0,4.0,Electronics,Fall,1.5,1,0
P0214,52.25,6.71,900.0,4.0,Electronics,Summer,1.9,4,0
P0215,26.56,3.91,579.0,7.0,Home,Fall,3.5,3,1
P0216,56.33,4.48,861.0,4.0,Electronics,Winter,2.3,2,0
P0217,19.28,4.95,4419.0,6.0,Sports,Fall,3.4,3,1
P0218,28.06,5.96,2170.0,,Beauty,Spring,2.7,1,1
P0219,23.58,3.37,,3.0,Home,Spring,1.5,3,1
P0220,35.07,3.96,385.0,2.0,Apparel,Fall,1.2,1,0
P0221,167.38,7.75,229.0,6.0,Toys,Summer,2.9,4,0
P0222,8.96,3.41,2093.0,5.0,Electronics,Fall,1.6,2,1
P0223,53.54,5.0,1903.0,5.0,Apparel,Winter,3.2,2,1
P0224,10.71,4.89,3894.0,7.0,Apparel,Summer,3.4,3,1
P0225,23.8,4.79,322.0,8.0,Home,Fall,4.1,2,1
P0226,70.97,6.08,505.0,6.0,Apparel,Fall,2.3,3,0
P0227,34.64,4.19,93.0,5.0,Apparel,Summer,3.0,1,0
P0228,15.57,5.73,415.0,7.0,Electronics,Fall,4.1,4,1
P0229,20.07,4.06,2199.0,4.0,Electronics,Winter,1.7,5,0
P0230,53.29,9.9,380.0,6.0,Home,Spring,3.2,5,0
P0231,19.86,4.6,1435.0,7.0,Sports,Winter,3.3,3,1
P0232,38.53,3.86,529.0,7.0,Sports,Fall,2.6,4,0
P0233,34.19,5.22,981.0,3.0,Electronics,Spring,2.0,1,0
P0234,20.99,3.72,168.0,5.0,Apparel,Summer,2.9,5,0
P0235,148.53,8.7,737.0,4.0,Toys,Winter,2.0,4,0
P0236,51.61,4.16,50.0,6.0,Apparel,Summer,3.4,2,0
P0237,8.02,3.03,532.0,7.0,Beauty,Spring,2.6,4,1
P0238,37.73,6.54,94.0,9.0,Apparel,Fall,3.4,3,0
P0239,20.84,3.51,2828.0,5.0,Toys,Spring,2.6,2,1
P0240,60.14,7.03,1691.0,5.0,Electronics,Spring,2.6,4,0
P0241,19.02,3.56,1164.0,8.0,Electronics,Summer,3.3,2,1
P0242,30.56,4.96,4127.0,7.0,Sports,Winter,3.6,4,1
P0243,47.16,5.69,213.0,8.0,Home,Spring,3.8,2,1
P0244,60.71,5.4,,7.0,Electronics,Fall,3.6,2,1
P0245,14.29,3.48,2036.0,4.0,Home,Spring,2.2,2,1
P0246,26.2,3.64,501.0,4.0,Sports,Summer,2.4,4,1
P0247,23.75,3.26,2599.0,3.0,Apparel,Winter,1.7,2,1
P0248,20.96,3.67,176.0,7.0,Apparel,Fall,,1,1
P0249,113.96,7.51,247.0,8.0,Electronics,Summer,3.3,2,0
P0250,43.97,8.0,320.0,9.0,Apparel,Spring,4.8,3,1
P0251,13.7,5.99,353.0,8.0,Home,Spring,3.6,2,1
P0252,62.96,6.57,187.0,8.0,Apparel,Winter,3.0,2,0
P0253,146.28,9.22,2886.0,5.0,Electronics,Summer,3.1,5,0
P0254,68.22,6.19,488.0,,Apparel,Summer,2.3,2,0
P0255,11.43,3.3,1015.0,8.0,Electronics,Winter,3.9,3,1
P0256,23.6,6.77,335.0,7.0,Apparel,Fall,3.7,3,0
P0257,80.39,6.58,75.0,6.0,Apparel,Summer,3.0,2,0
P0258,20.18,4.34,920.0,7.0,Apparel,Winter,3.0,4,1
P0259,45.18,4.03,67.0,7.0,Toys,Summer,3.6,4,0
P0260,56.95,5.1,613.0,8.0,Apparel,Winter,3.6,3,1
P0261,17.31,3.94,129.0,8.0,Sports,Spring,3.9,2,1
P0262,31.76,6.45,7221.0,7.0,Apparel,Spring,2.4,5,1
P0263,4.99,3.84,1986.0,8.0,Apparel,Summer,3.8,3,1
P0264,16.17,3.7,755.0,7.0,Electronics,Summer,3.0,5,1
P0265,27.75,8.98,3030.0,5.0,Electronics,Spring,3.2,1,1
P0266,13.83,3.09,241.0,7.0,Toys,Fall,3.5,3,1
P0267,103.82,6.44,1277.0,3.0,Toys,Winter,1.9,5,0
P0268,12.17,2.93,845.0,8.0,Sports,Fall,3.8,3,1
P0269,24.34,5.25,913.0,4.0,Home,Fall,1.8,3,1
P0270,36.29,7.34,3062.0,7.0,Electronics,Fall,3.9,3,1
P0271,90.82,5.72,1602.0,,Electronics,Spring,3.0,2,0
P0272,12.12,5.8,941.0,7.0,Toys,Summer,3.4,3,1
P0273,74.75,5.26,91.0,6.0,Home,Fall,3.5,3,0
P0274,33.35,7.13,210.0,3.0,Home,Spring,1.6,2,0
P0275,16.66,5.1,,,Apparel,Winter,2.9,4,1
P0276,45.76,6.32,744.0,5.0,Apparel,Summer,2.6,4,1
P0277,38.07,3.67,171.0,8.0,Toys,Winter,3.8,3,1
P0278,21.76,8.09,12016.0,6.0,Electronics,Fall,2.7,4,1
P0279,34.77,5.49,4104.0,7.0,Electronics,Summer,3.5,3,1
P0280,25.29,3.8,1370.0,4.0,Apparel,Fall,2.3,2,1
P0281,35.85,6.23,725.0,5.0,Beauty,Summer,2.2,2,0
P0282,52.64,4.58,516.0,5.0,Apparel,Fall,2.8,3,0
P0283,100.51,8.61,212.0,8.0,Beauty,Winter,,2,0
P0284,13.92,3.1,730.0,9.0,Apparel,Winter,,2,1
P0285,147.4,8.75,,5.0,Beauty,Fall,3.0,2,0
P0286,8.44,3.92,150.0,8.0,Sports,Summer,3.1,5,1
P0287,29.78,3.55,993.0,2.0,Apparel,Winter,,1,1
P0288,49.99,4.42,,4.0,Home,Summer,1.7,3,0
P0289,40.31,3.73,67.0,4.0,Electronics,Summer,1.8,5,0
P0290,21.42,4.09,237.0,4.0,Apparel,Winter,1.9,3,0
P0291,28.63,3.9,405.0,3.0,Beauty,Spring,1.5,4,0
P0292,23.45,4.57,6408.0,7.0,Electronics,Spring,3.0,3,1
P0293,21.92,3.69,1297.0,6.0,Electronics,Summer,2.8,2,1
P0294,60.02,4.84,134.0,7.0,Apparel,Winter,3.6,1,1
P0295,42.52,5.81,1192.0,7.0,Electronics,Spring,3.1,3,1
P0296,20.39,3.19,104.0,6.0,Beauty,Fall,2.3,2,0
P0297,62.16,7.86,2439.0,7.0,Electronics,Summer,3.7,2,1
P0298,41.06,6.6,378.0,6.0,Toys,Spring,,2,0
P0299,58.5,5.91,594.0,4.0,Toys,Winter,2.2,5,0
P0300,51.46,5.39,3265.0,8.0,Apparel,Winter,3.8,5,1
P0301,18.54,6.4,142.0,5.0,Apparel,Summer,2.6,3,0
P0302,22.37,3.48,124.0,4.0,Beauty,Winter,2.6,2,1
P0303,55.87,4.3,330.0,6.0,Electronics,Fall,3.1,2,0
P0304,50.77,4.43,2312.0,4.0,Apparel,Fall,1.9,4,0
P0305,32.63,5.85,107.0,5.0,Electronics,Spring,3.4,5,0
P0306,35.95,3.63,50.0,7.0,Home,Winter,3.3,3,0
P0307,80.99,6.24,387.0,7.0,Sports,Fall,3.2,1,1
P0308,21.89,11.24,1290.0,4.0,Apparel,Summer,2.6,4,0
P0309,48.57,6.86,2808.0,5.0,Apparel,Winter,2.6,4,1
P0310,28.75,4.47,382.0,8.0,Toys,Spring,3.8,1,1
P0311,28.44,3.45,406.0,,Sports,Summer,4.2,3,1
P0312,71.46,7.31,2656.0,10.0,Home,Summer,4.2,4,1
P0313,59.01,5.64,71.0,8.0,Sports,Summer,3.5,3,0
P0314,58.53,4.44,417.0,8.0,Electronics,Fall,3.6,2,1
P0315,82.59,5.13,836.0,4.0,Sports,Summer,2.6,4,0
P0316,33.61,7.11,1140.0,7.0,Electronics,Fall,2.6,3,1
P0317,53.38,5.76,361.0,6.0,Apparel,Summer,2.1,1,0
P0318,26.65,5.95,693.0,5.0,Sports,Fall,2.3,1,1
P0319,41.55,6.91,50.0,6.0,Electronics,Winter,2.2,5,0
P0320,30.23,4.68,302.0,8.0,Toys,Fall,3.4,4,0
P0321,35.44,4.66,1146.0,7.0,Electronics,Fall,3.5,3,1
P0322,50.23,4.85,205.0,4.0,Toys,Winter,1.8,2,0
P0323,18.68,3.63,714.0,7.0,Toys,Summer,2.7,2,1
P0324,143.26,7.65,1137.0,5.0,Apparel,Winter,2.6,2,0
P0325,16.38,5.22,441.0,6.0,Sports,Summer,3.2,2,1
P0326,14.16,4.31,816.0,5.0,Electronics,Fall,1.9,1,1
P0327,74.49,8.08,209.0,6.0,Beauty,Summer,3.2,2,0
P0328,57.64,5.11,519.0,7.0,Electronics,Fall,3.6,3,1
P0329,51.26,5.44,,4.0,Sports,Summer,2.6,4,0
P0330,51.41,5.54,803.0,10.0,Electronics,Fall,4.8,3,1
P0331,32.83,4.83,329.0,3.0,Apparel,Fall,,4,0
P0332,17.67,4.85,870.0,5.0,Apparel,Spring,2.4,5,0
P0333,34.92,3.95,1568.0,7.0,Electronics,Summer,3.3,4,1
P0334,20.61,4.2,57.0,7.0,Sports,Summer,3.1,4,0
P0335,65.53,4.63,2673.0,6.0,Home,Spring,2.9,3,1
P0336,29.88,4.12,444.0,6.0,Home,Fall,3.5,2,1
P0337,18.58,4.06,1108.0,7.0,Electronics,Fall,2.7,4,1
P0338,26.44,4.88,2798.0,6.0,Electronics,Spring,2.6,5,1
P0339,44.21,8.34,128.0,9.0,Apparel,Spring,4.5,3,1
P0340,22.32,4.55,284.0,8.0,Sports,Winter,4.0,5,1
P0341,18.62,5.1,,8.0,Toys,Fall,3.5,1,1
P0342,39.27,4.74,260.0,4.0,Electronics,Winter,2.5,2,0
P0343,39.31,5.19,5334.0,6.0,Apparel,Summer,3.0,4,1
P0344,23.22,3.31,238.0,5.0,Apparel,Winter,3.2,3,1
P0345,23.81,3.65,341.0,4.0,Home,Spring,2.2,5,0
P0346,38.96,4.34,850.0,7.0,Home,Spring,3.7,3,1
P0347,12.02,3.82,157.0,5.0,Sports,Spring,3.6,2,1
P0348,12.36,2.94,414.0,7.0,Electronics,Spring,3.5,3,1
P0349,20.03,3.33,,4.0,Sports,Winter,2.2,1,1
P0350,28.52,3.84,446.0,9.0,Home,Winter,,2,1
P0351,41.17,9.07,595.0,4.0,Electronics,Winter,2.1,4,0
P0352,93.01,5.89,352.0,6.0,Electronics,Spring,3.9,4,0
P0353,60.36,5.3,108.0,7.0,Apparel,Spring,3.3,3,0
P0354,29.61,3.72,978.0,5.0,Electronics,Fall,2.4,1,1
P0355,32.68,4.9,5464.0,8.0,Beauty,Fall,3.3,3,1
P0356,16.42,3.49,680.0,4.0,Electronics,Spring,2.6,2,0
P0357,32.69,3.83,872.0,9.0,Beauty,Fall,4.3,4,1
P0358,27.06,4.4,1527.0,6.0,Home,Summer,2.7,2,1
P0359,41.51,3.75,145.0,5.0,Apparel,Summer,2.8,2,0
P0360,18.56,3.07,5131.0,5.0,Home,Spring,1.9,3,1
P0361,47.63,4.3,848.0,7.0,Electronics,Winter,3.3,2,1
P0362,96.83,5.46,4714.0,5.0,Electronics,Summer,2.7,5,0
P0363,30.69,3.59,276.0,5.0,Apparel,Summer,3.2,2,1
P0364,43.87,4.44,5894.0,6.0,Electronics,Winter,2.6,1,1
P0365,53.68,6.54,1686.0,4.0,Apparel,Fall,1.7,1,1
P0366,25.01,4.52,1292.0,9.0,Apparel,Winter,3.6,3,1
P0367,38.74,4.74,881.0,5.0,Electronics,Fall,2.0,2,0
P0368,33.41,4.02,494.0,7.0,Electronics,Fall,3.8,1,1
P0369,35.46,7.59,2809.0,6.0,Toys,Winter,3.5,4,1
P0370,19.28,3.84,787.0,4.0,Electronics,Fall,2.3,4,0
P0371,33.69,3.65,63.0,6.0,Sports,Summer,3.4,3,0
P0372,46.93,5.35,174.0,7.0,Electronics,Spring,3.3,5,0
P0373,91.45,5.42,532.0,6.0,Sports,Fall,2.9,4,0
P0374,64.81,5.08,965.0,8.0,Electronics,Summer,3.5,2,1
P0375,149.49,8.05,621.0,8.0,Toys,Winter,3.5,2,0
P0376,19.35,6.19,2872.0,8.0,Electronics,Fall,3.0,4,1
P0377,60.98,5.35,,5.0,Beauty,Summer,2.7,3,0
P0378,37.65,5.45,790.0,4.0,Electronics,Fall,2.2,3,0
P0379,153.37,14.51,75.0,5.0,Apparel,Winter,2.8,2,0
P0380,18.81,3.28,1655.0,6.0,Home,Spring,2.9,4,1
P0381,18.4,3.53,594.0,7.0,Apparel,Fall,3.2,2,1
P0382,21.77,3.91,1101.0,2.0,Electronics,Spring,1.2,3,0
P0383,7.49,3.55,236.0,6.0,Apparel,Fall,2.9,5,0
P0384,22.92,3.98,3088.0,6.0,Home,Fall,3.2,2,1
P0385,19.46,6.66,2322.0,6.0,Toys,Winter,2.4,1,1
P0386,36.79,5.48,1340.0,8.0,Electronics,Fall,3.6,2,1
P0387,42.07,5.17,569.0,7.0,Sports,Summer,3.3,4,1
P0388,123.14,6.75,1334.0,8.0,Electronics,Summer,3.3,3,0
P0389,64.41,7.04,285.0,6.0,Electronics,Spring,2.7,3,0
P0390,22.11,7.82,1857.0,8.0,Toys,Spring,3.7,2,1
P0391,17.66,5.61,4814.0,9.0,Beauty,Summer,3.5,4,1
P0392,46.73,3.9,2404.0,8.0,Sports,Spring,3.7,2,1
P0393,13.14,4.41,277.0,4.0,Electronics,Spring,1.8,3,0
P0394,119.35,6.16,1026.0,6.0,Electronics,Summer,3.3,2,0
P0395,75.61,5.22,141.0,5.0,Apparel,Summer,3.5,2,0
P0396,23.85,3.31,1322.0,7.0,Electronics,Summer,2.9,2,1
P0397,9.98,4.19,1142.0,7.0,Electronics,Winter,3.5,3,1
P0398,85.43,6.8,71.0,4.0,Beauty,Winter,1.9,3,0
P0399,30.56,3.6,165.0,6.0,Beauty,Summer,3.3,3,1
P0400,78.77,5.59,474.0,2.0,Electronics,Fall,1.0,1,0
P0401,10.85,3.74,464.0,9.0,Apparel,Summer,4.1,2,1
P0402,21.77,3.84,156.0,,Beauty,Winter,2.2,3,0
P0403,33.24,3.69,1061.0,6.0,Apparel,Spring,2.8,5,1
P0404,34.22,4.34,899.0,5.0,Home,Fall,2.1,2,1
P0405,24.17,5.31,527.0,8.0,Apparel,Fall,3.9,3,1
P0406,51.21,4.15,269.0,1.0,Electronics,Spring,1.0,5,0
P0407,15.68,3.1,2341.0,6.0,Toys,Fall,,1,1
P0408,29.97,4.06,4849.0,6.0,Apparel,Spring,2.8,3,1
P0409,36.02,7.84,,5.0,Electronics,Winter,2.5,2,0
P0410,47.47,5.58,319.0,9.0,Electronics,Fall,4.0,2,1
P0411,54.5,5.84,1199.0,4.0,Beauty,Fall,1.9,2,0
P0412,15.07,3.63,433.0,7.0,Beauty,Spring,3.3,2,1
P0413,11.31,4.19,563.0,7.0,Apparel,Spring,3.9,5,1
P0414,80.99,4.94,1616.0,8.0,Apparel,Winter,3.3,4,1
P0415,41.79,5.27,67.0,5.0,Home,Spring,3.0,4,0
P0416,19.61,6.76,3236.0,5.0,Electronics,Spring,3.1,4,1
P0417,98.08,6.86,726.0,8.0,Home,Winter,3.3,1,1
P0418,35.91,6.68,406.0,7.0,Apparel,Summer,2.7,3,0
P0419,75.6,6.7,598.0,3.0,Apparel,Summer,2.0,4,0
P0420,34.72,3.73,636.0,5.0,Home,Spring,2.3,2,1
P0421,140.12,10.19,83.0,7.0,Apparel,Winter,4.0,4,0
P0422,113.15,6.0,4000.0,8.0,Beauty,Summer,3.6,4,0
P0423,27.82,4.48,699.0,5.0,Apparel,Winter,2.2,5,0
P0424,65.37,4.69,1132.0,1.0,Apparel,Spring,1.0,2,0
P0425,52.03,4.08,2084.0,7.0,Toys,Spring,3.7,2,1
P0426,86.32,5.91,195.0,4.0,Electronics,Winter,2.0,3,0
P0427,16.85,3.53,1174.0,2.0,Sports,Fall,1.5,5,0
P0428,53.53,5.1,482.0,1.0,Apparel,Spring,1.5,1,0
P0429,69.47,5.88,1837.0,7.0,Home,Spring,3.1,1,1
P0430,9.67,2.86,52.0,6.0,Sports,Spring,2.9,3,0
P0431,14.46,3.13,591.0,6.0,Electronics,Spring,2.9,2,1
P0432,7.94,3.97,323.0,9.0,Beauty,Winter,4.2,3,1
P0433,27.42,3.95,1117.0,7.0,Home,Winter,3.5,4,1
P0434,54.72,6.1,,9.0,Electronics,Winter,3.9,2,1
P0435,94.79,6.93,285.0,3.0,Home,Winter,1.9,1,0
P0436,34.88,6.35,283.0,6.0,Home,Fall,2.8,5,0
P0437,103.55,7.38,582.0,3.0,Apparel,Winter,1.3,2,0
P0438,12.6,3.72,227.0,6.0,Electronics,Winter,3.0,2,1
P0439,10.05,4.48,1827.0,6.0,Electronics,Spring,3.7,4,1
P0440,31.85,3.94,427.0,,Electronics,Fall,2.9,3,1
P0441,43.33,4.35,50.0,6.0,Sports,Spring,2.6,3,0
P0442,32.37,5.8,424.0,7.0,Electronics,Fall,2.9,4,0
P0443,7.79,3.62,191.0,7.0,Toys,Summer,3.5,4,1
P0444,31.11,5.84,94.0,10.0,Electronics,Fall,4.5,3,1
P0445,13.29,5.49,151.0,5.0,Electronics,Fall,2.5,5,0
P0446,52.92,7.01,758.0,4.0,Sports,Spring,1.8,1,0
P0447,42.8,7.51,3276.0,6.0,Electronics,Fall,2.9,4,0
P0448,17.15,3.86,969.0,5.0,Electronics,Fall,1.9,2,1
P0449,23.11,3.77,321.0,9.0,Apparel,Spring,4.0,5,1
P0450,15.78,4.28,1150.0,5.0,Electronics,Summer,2.9,3,1
P0451,31.69,4.15,383.0,5.0,Electronics,Summer,2.0,2,0
P0452,64.62,5.82,289.0,5.0,Toys,Summer,1.9,4,0
P0453,16.61,4.83,166.0,7.0,Electronics,Fall,3.9,4,1
P0454,47.13,5.66,81.0,6.0,Beauty,Spring,2.7,4,0
P0455,22.85,3.89,417.0,5.0,Home,Summer,3.0,2,1
P0456,19.01,3.34,804.0,9.0,Electronics,Summer,3.9,2,1
P0457,30.73,4.27,592.0,4.0,Electronics,Summer,,3,0
P0458,16.04,3.21,404.0,6.0,Beauty,Summer,3.1,3,1
P0459,22.48,6.49,214.0,7.0,Beauty,Spring,2.9,4,0
P0460,14.32,3.57,1380.0,3.0,Apparel,Summer,1.9,1,1
P0461,131.01,6.68,137.0,7.0,Electronics,Fall,3.1,3,0
P0462,33.94,3.56,1688.0,4.0,Electronics,Fall,1.7,3,1
P0463,20.29,4.67,200.0,7.0,Apparel,Spring,3.4,2,1
P0464,38.47,5.17,270.0,4.0,Home,Winter,2.1,2,0
P0465,30.61,4.04,114.0,7.0,Beauty,Summer,3.2,3,1
P0466,28.37,3.46,364.0,8.0,Electronics,Summer,3.1,1,1
P0467,50.9,4.82,2144.0,8.0,Sports,Fall,4.2,2,1
P0468,56.28,4.75,1235.0,6.0,Home,Spring,3.3,2,1
P0469,22.84,4.88,2152.0,6.0,Electronics,Winter,3.3,4,1
P0470,22.13,4.56,1245.0,5.0,Apparel,Fall,2.4,2,1
P0471,27.32,4.0,177.0,9.0,Sports,Winter,3.3,3,1
P0472,6.61,3.07,447.0,5.0,Beauty,Spring,3.3,5,1
P0473,11.47,9.48,261.0,4.0,Home,Spring,2.2,4,0
P0474,86.21,5.99,3284.0,7.0,Apparel,Spring,3.0,4,0
P0475,104.74,7.39,,5.0,Apparel,Fall,2.7,2,0
P0476,27.82,3.56,1944.0,4.0,Apparel,Spring,2.7,4,1
P0477,49.58,4.98,1942.0,3.0,Home,Fall,1.8,3,0
P0478,41.18,3.78,5976.0,5.0,Sports,Fall,3.1,3,1
P0479,249.99,11.06,407.0,6.0,Apparel,Summer,3.3,3,0
P0480,72.51,9.66,1564.0,6.0,Beauty,Fall,2.5,2,0
P0481,30.28,4.14,10280.0,8.0,Home,Fall,3.3,5,1
P0482,16.96,3.07,317.0,7.0,Home,Summer,3.6,3,1
P0483,10.76,2.87,105.0,6.0,Toys,Winter,,4,0
P0484,38.18,4.38,,6.0,Apparel,Summer,2.8,5,0
P0485,19.5,3.35,1564.0,7.0,Beauty,Summer,2.7,4,1
P0486,12.24,2.9,69.0,8.0,Apparel,Spring,3.4,1,1
P0487,21.06,5.25,425.0,6.0,Electronics,Spring,2.8,4,0
P0488,15.53,3.89,1124.0,5.0,Beauty,Summer,2.4,4,1
P0489,107.88,6.25,831.0,4.0,Beauty,Spring,2.0,4,0
P0490,61.38,7.8,1108.0,3.0,Electronics,Summer,1.4,2,0
P0491,32.93,3.67,868.0,7.0,Home,Spring,4.2,2,1
P0492,93.31,9.98,3086.0,7.0,Sports,Fall,4.0,4,1
P0493,34.96,4.11,212.0,7.0,Beauty,Spring,2.8,2,1
P0494,18.12,6.33,295.0,6.0,Apparel,Spring,3.5,3,1
P0495,96.18,6.77,263.0,9.0,Sports,Fall,3.8,5,0
P0496,48.29,6.58,1801.0,5.0,Electronics,Summer,2.6,3,0
P0497,16.02,9.18,1960.0,8.0,Electronics,Spring,3.6,2,1
P0498,28.98,3.88,1143.0,6.0,Electronics,Spring,2.6,2,1
P0499,17.94,7.91,2752.0,5.0,Electronics,Fall,2.9,3,1
P0500,12.58,3.62,162.0,7.0,Toys,Fall,3.3,1,1
P0501,63.33,5.13,4918.0,7.0,Electronics,Fall,3.1,3,1
P0502,126.04,6.91,4138.0,7.0,Toys,Winter,2.7,3,0
P0503,12.44,4.04,1608.0,6.0,Apparel,Fall,2.5,5,1
P0504,49.11,4.22,5643.0,6.0,Sports,Summer,2.2,4,1
P0505,21.0,4.34,91.0,10.0,Sports,Spring,4.3,2,1
P0506,23.55,4.38,354.0,,Home,Spring,3.1,4,1
P0507,21.87,5.31,275.0,7.0,Home,Winter,3.1,3,1
P0508,18.09,5.73,1581.0,6.0,Home,Spring,3.4,2,1
P0509,34.26,4.4,189.0,8.0,Beauty,Spring,4.1,3,1
P0510,18.51,3.6,1651.0,7.0,Beauty,Summer,3.2,5,1
P0511,40.02,4.15,3445.0,6.0,Apparel,Spring,2.9,3,1
P0512,31.97,3.78,1532.0,5.0,Beauty,Summer,3.3,3,1
P0513,28.01,3.43,935.0,6.0,Electronics,Winter,,5,1
P0514,17.54,3.66,203.0,1.0,Electronics,Summer,1.0,1,0
P0515,22.12,3.64,241.0,6.0,Beauty,Fall,2.3,1,1
P0516,56.19,9.28,2980.0,5.0,Electronics,Fall,2.7,1,1
P0517,47.02,5.13,1695.0,,Sports,Winter,4.3,3,1
P0518,16.71,3.64,635.0,6.0,Electronics,Spring,2.6,3,1
P0519,35.5,4.87,403.0,4.0,Apparel,Summer,2.3,5,0
P0520,56.03,4.41,59.0,6.0,Electronics,Fall,2.8,3,0
P0521,10.29,3.69,184.0,4.0,Apparel,Summer,2.1,3,0
P0522,48.44,5.43,6593.0,7.0,Sports,Fall,2.3,3,1
P0523,20.83,4.13,143.0,7.0,Electronics,Summer,3.2,3,0
P0524,49.37,4.75,835.0,8.0,Electronics,Spring,4.0,1,1
P0525,19.41,10.72,2228.0,5.0,Apparel,Winter,2.3,5,0
P0526,9.36,5.97,148.0,6.0,Electronics,Spring,2.9,4,0
P0527,10.6,4.28,830.0,,Sports,Summer,1.9,3,1
P0528,34.25,4.79,2050.0,7.0,Apparel,Fall,3.4,4,1
P0529,39.72,5.15,675.0,7.0,Home,Fall,3.2,4,1
P0530,17.58,3.36,20000.0,7.0,Beauty,Winter,2.9,3,1
P0531,51.78,4.81,90.0,6.0,Home,Spring,3.4,2,0
P0532,10.35,2.87,2370.0,7.0,Sports,Spring,3.6,4,1
P0533,31.62,4.42,541.0,9.0,Apparel,Spring,3.7,3,1
P0534,14.19,4.1,1680.0,5.0,Electronics,Fall,2.7,2,1
P0535,20.98,3.52,1130.0,6.0,Beauty,Winter,3.1,5,1
P0536,34.23,8.51,276.0,4.0,Sports,Fall,2.5,3,0
P0537,18.13,6.65,876.0,4.0,Home,Spring,1.5,4,0
P0538,25.3,5.18,72.0,6.0,Home,Summer,3.3,5,0
P0539,66.98,5.65,1372.0,8.0,Electronics,Fall,3.4,3,1
P0540,22.11,6.22,951.0,6.0,Apparel,Winter,2.8,3,0
P0541,59.44,4.49,1431.0,,Sports,Spring,4.0,4,1
P0542,15.02,5.3,,5.0,Home,Summer,2.7,2,1
P0543,47.98,4.14,1034.0,5.0,Electronics,Fall,2.4,3,1
P0544,90.84,7.6,794.0,7.0,Beauty,Summer,2.4,3,0
P0545,5.87,3.16,231.0,3.0,Electronics,Summer,2.4,2,0
P0546,18.96,6.21,283.0,8.0,Electronics,Winter,3.1,5,1
P0547,49.6,8.31,2763.0,5.0,Beauty,Fall,2.1,1,1
P0548,28.73,3.6,3728.0,7.0,Sports,Winter,3.1,1,1
P0549,42.94,4.72,500.0,4.0,Electronics,Spring,2.8,5,0
P0550,21.7,9.09,703.0,7.0,Apparel,Summer,3.6,4,1
P0551,35.18,4.55,225.0,7.0,Apparel,Winter,3.2,2,0
P0552,29.7,6.38,2717.0,7.0,Home,Winter,3.4,4,1
P0553,75.0,6.08,1478.0,4.0,Electronics,Spring,2.0,5,0
P0554,39.57,4.39,6833.0,6.0,Beauty,Fall,3.0,3,1
P0555,41.94,4.26,232.0,4.0,Toys,Winter,2.2,5,0
P0556,24.82,3.59,423.0,6.0,Sports,Summer,3.3,1,1
P0557,23.54,5.36,878.0,8.0,Electronics,Summer,4.0,4,1
P0558,24.46,3.97,1445.0,7.0,Sports,Summer,3.4,4,1
P0559,43.65,4.88,513.0,6.0,Electronics,Summer,2.8,4,0
P0560,24.66,4.26,233.0,,Apparel,Winter,2.5,3,0
P0561,40.56,5.01,1915.0,7.0,Apparel,Summer,3.2,3,1
P0562,141.57,9.76,1580.0,6.0,Electronics,Winter,2.5,4,0
P0563,60.93,10.25,222.0,2.0,Beauty,Fall,1.3,4,0
P0564,26.36,4.08,3383.0,7.0,Apparel,Summer,3.3,4,1
P0565,76.77,7.44,2709.0,6.0,Apparel,Fall,3.3,4,0
P0566,24.89,5.42,781.0,8.0,Toys,Winter,3.5,2,1
P0567,7.95,4.02,,4.0,Apparel,Spring,1.7,3,0
P0568,16.35,7.68,1293.0,1.0,Sports,Fall,1.2,2,0
P0569,8.94,3.1,237.0,7.0,Electronics,Summer,3.3,3,1
P0570,25.89,3.45,690.0,7.0,Apparel,Spring,3.3,4,1
P0571,33.55,6.39,50.0,3.0,Beauty,Fall,2.2,3,0
P0572,107.07,6.58,1904.0,4.0,Apparel,Winter,2.6,5,0
P0573,41.63,6.56,102.0,10.0,Home,Winter,4.1,3,0
P0574,28.41,6.71,4040.0,5.0,Electronics,Winter,2.3,3,1
P0575,59.18,4.37,448.0,7.0,Apparel,Fall,2.8,3,1
P0576,7.04,5.94,516.0,5.0,Apparel,Winter,2.8,2,1
P0577,39.05,4.56,313.0,2.0,Apparel,Fall,2.1,3,0
P0578,56.8,5.28,471.0,6.0,Apparel,Summer,2.8,4,0
P0579,11.76,4.33,3649.0,6.0,Sports,Summer,2.8,3,1
P0580,73.75,8.63,50.0,5.0,Electronics,Fall,3.1,2,0
P0581,41.97,3.79,3079.0,6.0,Electronics,Fall,3.1,2,1
P0582,24.76,4.21,998.0,6.0,Electronics,Spring,3.1,2,1
P0583,51.57,5.79,156.0,6.0,Toys,Winter,2.4,3,0
P0584,162.31,9.29,183.0,4.0,Beauty,Summer,2.5,4,0
P0585,37.61,5.4,4972.0,7.0,Sports,Summer,2.9,1,1
P0586,39.4,3.9,214.0,2.0,Beauty,Spring,1.0,3,0
P0587,24.01,3.75,167.0,2.0,Electronics,Fall,1.4,3,0
P0588,18.27,3.71,2604.0,7.0,Electronics,Fall,3.0,1,1
P0589,59.22,6.72,999.0,7.0,Home,Spring,3.2,2,1
P0590,18.19,3.54,216.0,,Home,Winter,2.3,2,1
P0591,34.82,3.9,863.0,3.0,Electronics,Fall,2.2,2,0
P0592,23.7,7.95,194.0,5.0,Electronics,Fall,3.0,3,0
P0593,46.31,3.9,2492.0,6.0,Toys,Winter,2.1,3,1
P0594,41.83,12.95,2377.0,3.0,Beauty,Winter,2.2,2,0
P0595,68.46,6.25,1259.0,5.0,Electronics,Spring,2.2,4,0
P0596,23.17,5.84,1027.0,7.0,Sports,Spring,3.6,5,1
P0597,27.41,3.85,5505.0,9.0,Electronics,Spring,3.9,5,1
P0598,16.69,3.02,665.0,5.0,Apparel,Fall,2.6,1,1
P0599,24.26,5.24,161.0,7.0,Electronics,Spring,3.2,4,0
P0600,43.13,6.49,1141.0,3.0,Electronics,Fall,2.3,3,0
P0601,56.25,6.21,8130.0,7.0,Apparel,Summer,2.8,3,1
P0602,17.37,3.25,197.0,5.0,Sports,Winter,2.8,3,1
P0603,60.87,6.43,431.0,7.0,Electronics,Winter,3.7,3,1
P0604,85.54,7.26,1096.0,6.0,Home,Summer,3.2,3,0
P0605,44.23,5.44,623.0,8.0,Apparel,Spring,4.5,2,1
P0606,123.19,8.38,,4.0,Apparel,Fall,2.0,2,0
P0607,19.27,5.88,2556.0,7.0,Beauty,Fall,3.6,2,1
P0608,13.86,4.34,10765.0,5.0,Home,Fall,2.5,3,1
P0609,9.53,2.93,842.0,6.0,Toys,Winter,3.4,4,1
P0610,94.37,6.33,,6.0,Toys,Spring,2.9,4,0
P0611,52.36,4.19,104.0,4.0,Electronics,Fall,2.0,2,0
P0612,31.85,4.24,906.0,6.0,Electronics,Fall,3.4,3,1
P0613,40.28,4.49,2502.0,6.0,Beauty,Fall,2.7,4,1
P0614,15.06,3.05,1176.0,6.0,Toys,Summer,2.3,4,1
P0615,183.47,8.65,663.0,6.0,Home,Fall,2.7,3,0
P0616,36.25,3.76,328.0,,Sports,Summer,3.5,3,1
P0617,35.75,6.05,179.0,8.0,Sports,Fall,4.2,3,1
P0618,55.04,8.58,,4.0,Electronics,Fall,2.2,2,0
P0619,46.37,4.0,1991.0,8.0,Home,Fall,4.1,3,1
P0620,38.73,8.32,104.0,4.0,Beauty,Summer,1.7,4,0
P0621,19.04,4.18,4482.0,7.0,Home,Fall,3.1,4,1
P0622,46.06,4.42,1325.0,7.0,Apparel,Spring,3.1,3,1
P0623,123.65,6.33,3567.0,3.0,Electronics,Fall,1.8,3,0
P0624,84.93,6.09,133.0,6.0,Apparel,Summer,2.9,2,0
P0625,101.01,7.9,129.0,5.0,Apparel,Summer,2.8,4,0
P0626,23.15,5.04,556.0,5.0,Beauty,Spring,,3,1
P0627,16.56,3.07,1216.0,8.0,Apparel,Winter,3.7,3,1
P0628,30.32,3.52,5742.0,5.0,Apparel,Spring,2.5,3,1
P0629,34.43,4.31,1552.0,5.0,Electronics,Spring,2.2,3,0
P0630,71.23,5.16,497.0,6.0,Home,Summer,2.9,2,1
P0631,10.13,3.2,194.0,7.0,Electronics,Fall,3.2,4,1
P0632,96.61,5.89,2910.0,6.0,Apparel,Fall,2.8,3,0
P0633,29.65,5.83,209.0,8.0,Apparel,Winter,3.6,5,0
P0634,24.56,7.21,4695.0,7.0,Apparel,Winter,3.3,5,1
P0635,16.31,3.77,473.0,2.0,Electronics,Winter,1.3,2,0
P0636,10.4,6.36,4486.0,5.0,Electronics,Winter,,3,1
P0637,58.92,4.85,,5.0,Toys,Spring,2.1,2,0
P0638,34.86,4.52,564.0,7.0,Electronics,Spring,3.0,3,1
P0639,13.42,3.29,357.0,1.0,Apparel,Fall,2.3,5,0
P0640,13.38,4.44,442.0,10.0,Sports,Spring,3.9,3,1
P0641,26.18,9.08,1112.0,7.0,Electronics,Fall,2.7,3,0
P0642,106.52,7.08,730.0,6.0,Home,Fall,3.2,4,0
P0643,27.61,3.99,326.0,8.0,Electronics,Fall,2.8,2,1
P0644,11.56,4.41,545.0,10.0,Home,Fall,4.2,2,1
P0645,27.88,3.53,731.0,8.0,Sports,Summer,4.5,2,1
P0646,27.36,6.61,52.0,8.0,Toys,Fall,3.0,2,0
P0647,5.01,3.7,1153.0,6.0,Electronics,Spring,2.1,1,1
P0648,31.88,4.35,205.0,6.0,Electronics,Spring,2.3,4,0
P0649,28.17,4.67,167.0,5.0,Electronics,Spring,2.9,5,0
P0650,53.91,5.59,88.0,5.0,Toys,Spring,3.0,3,0
P0651,120.82,6.24,77.0,5.0,Beauty,Summer,2.3,1,0
P0652,72.86,6.41,131.0,4.0,Apparel,Winter,2.5,2,0
P0653,27.43,3.74,284.0,6.0,Apparel,Winter,3.5,2,1
P0654,15.26,4.84,6932.0,3.0,Electronics,Fall,2.6,2,1
P0655,200.61,11.11,354.0,6.0,Apparel,Fall,2.8,4,0
P0656,34.52,5.98,823.0,6.0,Electronics,Spring,2.0,4,0
P0657,33.44,4.71,1076.0,6.0,Apparel,Spring,2.6,2,1
P0658,32.56,4.58,778.0,5.0,Home,Winter,2.4,4,1
P0659,38.04,3.87,606.0,10.0,Toys,Winter,4.2,5,1
P0660,29.93,5.64,158.0,8.0,Toys,Spring,3.5,5,0
P0661,22.16,3.64,3794.0,4.0,Electronics,Fall,2.6,5,1
P0662,22.58,4.21,5818.0,6.0,Home,Summer,3.4,2,1
P0663,32.36,3.97,88.0,5.0,Beauty,Summer,2.5,5,0
P0664,22.64,3.39,195.0,,Apparel,Winter,,3,0
P0665,20.11,4.59,475.0,4.0,Home,Winter,2.3,2,1
P0666,35.68,3.65,209.0,7.0,Electronics,Winter,3.3,3,0
P0667,27.7,5.4,1221.0,5.0,Apparel,Summer,2.9,2,1
P0668,94.9,5.92,278.0,8.0,Electronics,Summer,3.6,3,0
P0669,5.18,2.66,8938.0,8.0,Apparel,Spring,4.4,1,1
P0670,71.1,5.71,2776.0,8.0,Home,Fall,3.0,3,1
P0671,79.22,4.95,858.0,4.0,Electronics,Winter,2.0,5,0
P0672,7.76,3.22,2281.0,7.0,Electronics,Spring,3.2,3,1
P0673,26.05,5.12,2508.0,7.0,Apparel,Summer,3.4,3,1
P0674,25.53,3.36,338.0,5.0,Beauty,Spring,3.1,4,1
P0675,12.36,5.61,250.0,5.0,Electronics,Summer,2.5,4,0
P0676,19.21,3.08,731.0,9.0,Home,Fall,3.4,1,1
P0677,15.22,3.38,1871.0,6.0,Home,Summer,3.2,4,1
P0678,112.91,7.91,786.0,7.0,Electronics,Spring,3.6,3,0
P0679,63.75,4.98,100.0,5.0,Apparel,Fall,1.8,3,0
P0680,80.65,5.08,,4.0,Sports,Summer,2.2,4,0
P0681,54.88,4.82,609.0,5.0,Apparel,Winter,1.9,2,0
P0682,15.02,3.42,607.0,6.0,Apparel,Summer,2.6,2,1
P0683,22.94,5.96,7094.0,4.0,Sports,Fall,1.8,1,1
P0684,46.64,4.46,126.0,6.0,Apparel,Spring,3.2,2,1
P0685,14.08,5.26,1220.0,3.0,Electronics,Fall,1.9,5,0
P0686,54.55,7.47,3972.0,4.0,Electronics,Spring,1.7,3,0
P0687,27.99,4.19,10155.0,7.0,Electronics,Summer,3.6,1,1
P0688,25.47,6.88,409.0,7.0,Sports,Summer,2.7,2,1
P0689,54.47,4.84,1200.0,5.0,Home,Fall,2.7,1,0
P0690,45.19,8.85,1318.0,4.0,Home,Winter,1.9,2,0
P0691,25.72,3.41,841.0,4.0,Sports,Summer,2.1,3,1
P0692,74.55,6.48,591.0,5.0,Electronics,Winter,2.8,2,0
P0693,15.54,3.99,1122.0,7.0,Electronics,Winter,,4,1
P0694,50.97,4.76,50.0,8.0,Electronics,Fall,4.1,3,1
P0695,50.16,5.51,,5.0,Electronics,Summer,2.5,3,0
P0696,26.66,5.13,774.0,4.0,Toys,Winter,2.3,3,0
P0697,41.61,3.75,509.0,6.0,Sports,Summer,2.7,4,0
P0698,13.79,3.19,7756.0,5.0,Apparel,Spring,2.6,4,1
P0699,63.23,6.27,296.0,5.0,Apparel,Winter,2.7,3,0
P0700,29.1,5.02,410.0,8.0,Apparel,Fall,3.6,4,1
P0701,22.97,8.26,7258.0,7.0,Apparel,Fall,2.5,3,1
P0702,69.01,6.72,245.0,6.0,Apparel,Winter,3.0,4,0
P0703,20.23,7.62,344.0,4.0,Electronics,Summer,2.3,3,0
P0704,12.36,4.69,558.0,,Beauty,Spring,2.6,3,1
P0705,11.14,3.37,1824.0,8.0,Sports,Spring,3.1,3,1
P0706,50.61,4.19,854.0,5.0,Apparel,Fall,3.1,2,1
P0707,13.51,5.19,141.0,8.0,Electronics,Fall,3.8,2,1
P0708,113.11,7.44,351.0,8.0,Electronics,Summer,3.5,4,0
P0709,7.71,2.81,321.0,9.0,Sports,Fall,3.5,5,1
P0710,108.58,6.43,606.0,7.0,Beauty,Summer,2.9,4,0
P0711,38.39,8.36,1109.0,7.0,Beauty,Winter,3.8,1,1
P0712,30.95,4.47,1099.0,9.0,Electronics,Spring,4.0,5,1
P0713,22.61,4.03,79.0,7.0,Home,Winter,3.0,3,0
P0714,43.79,4.73,2384.0,5.0,Apparel,Fall,2.8,4,1
P0715,32.25,3.82,901.0,5.0,Home,Spring,2.2,2,1
P0716,71.69,5.34,3503.0,6.0,Apparel,Spring,3.5,3,1
P0717,35.87,4.27,1133.0,4.0,Electronics,Winter,2.7,3,1
P0718,36.79,3.68,2494.0,6.0,Home,Summer,2.7,1,1
P0719,25.67,5.46,1164.0,8.0,Electronics,Spring,3.3,4,1
P0720,31.82,4.26,3346.0,2.0,Apparel,Summer,1.0,5,0
P0721,41.08,6.32,,9.0,Apparel,Winter,3.4,3,1
P0722,10.0,5.65,591.0,8.0,Apparel,Winter,3.1,5,1
P0723,12.89,3.24,10167.0,5.0,Apparel,Summer,2.6,3,1
P0724,55.72,5.78,1933.0,7.0,Apparel,Winter,3.1,4,1
P0725,37.32,4.58,1324.0,6.0,Apparel,Spring,2.4,1,1
P0726,29.11,6.56,144.0,8.0,Apparel,Winter,3.5,5,0
P0727,33.55,3.87,142.0,8.0,Toys,Winter,3.8,5,0
P0728,42.24,5.47,945.0,3.0,Electronics,Spring,2.1,3,0
P0729,22.7,4.58,792.0,7.0,Apparel,Summer,2.5,1,1
P0730,19.21,3.6,318.0,6.0,Electronics,Winter,,3,1
P0731,37.98,3.86,788.0,,Beauty,Summer,2.3,1,1
P0732,16.7,4.58,4475.0,5.0,Home,Spring,2.9,4,1
P0733,44.07,5.83,1532.0,9.0,Electronics,Summer,4.3,3,1
P0734,10.06,3.37,169.0,8.0,Home,Summer,3.2,2,1
P0735,68.06,6.09,582.0,5.0,Sports,Fall,2.2,4,0
P0736,46.1,4.64,253.0,4.0,Sports,Fall,2.0,4,0
P0737,39.62,5.56,418.0,5.0,Home,Winter,1.6,4,0
P0738,65.88,4.81,405.0,7.0,Beauty,Fall,3.4,3,1
P0739,106.25,9.0,375.0,6.0,Beauty,Fall,2.8,1,0
P0740,67.36,5.03,148.0,8.0,Home,Fall,4.0,4,1
P0741,9.13,3.46,571.0,7.0,Electronics,Summer,2.8,3,1
P0742,13.52,3.0,339.0,8.0,Home,Summer,3.4,1,1
P0743,21.38,3.32,50.0,7.0,Sports,Fall,2.6,5,0
P0744,33.73,4.6,7813.0,3.0,Apparel,Spring,1.4,5,0
P0745,47.58,4.39,2457.0,6.0,Toys,Fall,2.4,3,1
P0746,19.93,5.8,423.0,8.0,Apparel,Spring,4.0,5,1
P0747,37.74,3.65,680.0,6.0,Electronics,Summer,2.6,3,1
P0748,19.52,3.8,163.0,7.0,Beauty,Spring,3.3,3,1
P0749,21.58,3.76,5089.0,5.0,Apparel,Summer,2.4,2,1
P0750,12.37,2.9,6482.0,,Electronics,Spring,1.7,5,1
P0751,17.35,3.22,803.0,6.0,Apparel,Summer,2.8,2,1
P0752,12.86,3.69,2272.0,7.0,Electronics,Summer,3.5,4,1
P0753,16.72,4.02,821.0,5.0,Apparel,Fall,2.1,2,1
P0754,69.24,5.35,134.0,6.0,Electronics,Winter,3.2,2,0
P0755,17.04,4.15,406.0,4.0,Electronics,Winter,1.9,4,0
P0756,209.07,10.13,779.0,8.0,Toys,Summer,,3,0
P0757,46.77,3.92,386.0,5.0,Toys,Fall,2.8,3,0
P0758,37.69,4.57,512.0,9.0,Apparel,Winter,3.7,4,1
P0759,18.16,8.01,596.0,9.0,Sports,Winter,4.0,5,1
P0760,54.07,5.22,604.0,6.0,Apparel,Fall,2.8,4,0
P0761,22.13,4.86,708.0,4.0,Apparel,Fall,2.3,2,1
P0762,36.07,4.14,186.0,2.0,Apparel,Winter,1.0,2,0
P0763,198.75,10.69,281.0,,Toys,Winter,1.1,3,0
P0764,30.96,5.65,142.0,4.0,Toys,Spring,2.4,3,0
P0765,74.03,5.83,2150.0,,Apparel,Spring,4.0,2,1
P0766,20.24,8.7,53.0,6.0,Apparel,Summer,2.5,4,0
P0767,32.31,3.67,2655.0,7.0,Apparel,Winter,3.2,3,1
P0768,114.38,5.96,3511.0,2.0,Electronics,Fall,1.6,1,0
P0769,21.35,5.35,463.0,4.0,Home,Fall,2.5,2,0
P0770,117.77,8.5,50.0,8.0,Apparel,Winter,2.8,2,0
P0771,54.35,4.32,431.0,7.0,Sports,Summer,2.9,3,0
P0772,22.34,3.63,616.0,6.0,Electronics,Fall,2.8,5,0
P0773,51.56,4.07,198.0,7.0,Toys,Winter,3.5,3,1
P0774,65.42,4.98,,9.0,Home,Winter,4.9,2,1
P0775,51.18,6.26,4172.0,6.0,Electronics,Summer,2.8,3,1
P0776,11.03,3.93,1477.0,6.0,Sports,Winter,2.3,3,1
P0777,19.91,3.74,219.0,6.0,Sports,Fall,3.1,3,1
P0778,27.85,4.03,98.0,10.0,Electronics,Spring,4.8,4,1
P0779,31.43,3.44,449.0,2.0,Electronics,Summer,1.5,4,0
P0780,51.14,4.57,515.0,7.0,Toys,Winter,2.9,3,0
P0781,37.5,5.18,1206.0,6.0,Apparel,Summer,3.3,5,1
P0782,13.0,8.38,350.0,7.0,Apparel,Winter,3.5,4,1
P0783,43.21,6.61,1229.0,5.0,Electronics,Spring,2.1,2,0
P0784,50.78,4.06,6783.0,6.0,Sports,Summer,3.1,5,1
P0785,49.0,7.4,1770.0,7.0,Sports,Winter,3.6,3,1
P0786,70.57,6.91,628.0,10.0,Beauty,Spring,4.8,2,1
P0787,59.37,6.55,534.0,7.0,Electronics,Fall,3.2,5,0
P0788,45.67,4.79,434.0,4.0,Apparel,Winter,2.1,5,0
P0789,31.53,4.21,2743.0,5.0,Home,Spring,3.0,3,1
P0790,10.35,3.35,313.0,5.0,Sports,Spring,2.1,2,1
P0791,44.73,3.94,702.0,3.0,Apparel,Summer,2.0,3,0
P0792,38.3,4.04,707.0,5.0,Apparel,Winter,2.0,4,0
P0793,40.05,4.13,,7.0,Apparel,Fall,3.7,5,1
P0794,13.55,3.9,128.0,4.0,Home,Winter,2.1,4,0
P0795,15.54,5.03,980.0,8.0,Beauty,Spring,4.1,3,1
P0796,69.21,5.54,618.0,7.0,Home,Fall,3.4,5,0
P0797,32.21,3.56,,5.0,Toys,Spring,2.1,3,1
P0798,53.36,8.85,351.0,6.0,Apparel,Summer,3.5,4,0
P0799,33.78,7.8,2878.0,9.0,Beauty,Winter,4.6,3,1
P0800,33.81,5.82,232.0,7.0,Sports,Spring,3.6,4,1
P0801,63.87,11.54,5190.0,6.0,Electronics,Spring,2.6,3,0
P0802,23.08,4.37,82.0,6.0,Toys,Winter,2.8,3,0
P0803,35.42,8.5,1121.0,6.0,Electronics,Fall,,3,1
P0804,23.96,3.34,1177.0,5.0,Beauty,Spring,2.3,5,0
P0805,24.43,3.92,256.0,2.0,Beauty,Winter,2.2,2,1
P0806,26.67,3.68,1107.0,10.0,Sports,Summer,4.4,2,1
P0807,38.69,3.99,3088.0,6.0,Home,Summer,1.8,5,1
P0808,23.69,3.44,,7.0,Apparel,Winter,3.4,4,0
P0809,79.76,6.35,1216.0,6.0,Electronics,Spring,2.8,1,1
P0810,17.7,5.31,50.0,5.0,Electronics,Winter,2.5,2,0
P0811,29.05,4.67,209.0,6.0,Sports,Winter,2.8,1,1
P0812,24.34,3.47,4699.0,3.0,Sports,Spring,2.2,2,1
P0813,91.18,7.74,331.0,10.0,Beauty,Fall,4.7,1,1
P0814,38.0,5.16,163.0,4.0,Apparel,Fall,2.3,3,0
P0815,68.19,5.28,525.0,4.0,Sports,Summer,2.1,2,0
P0816,11.71,4.53,7954.0,5.0,Toys,Fall,2.5,3,1
P0817,39.92,4.15,74.0,8.0,Sports,Winter,3.6,1,1
P0818,61.73,4.99,188.0,6.0,Apparel,Spring,2.6,3,0
P0819,35.08,7.29,4011.0,4.0,Apparel,Summer,2.4,3,1
P0820,69.81,5.11,6181.0,8.0,Apparel,Fall,3.8,5,1
P0821,23.06,4.14,588.0,7.0,Home,Winter,3.9,5,1
P0822,88.81,8.48,150.0,7.0,Home,Summer,3.8,4,0
P0823,165.54,9.31,8226.0,7.0,Toys,Spring,3.0,3,0
P0824,25.69,3.37,,10.0,Electronics,Fall,4.6,5,1
P0825,24.24,3.47,1502.0,10.0,Electronics,Winter,3.9,1,1
P0826,91.59,5.26,251.0,5.0,Home,Spring,2.8,1,0
P0827,100.05,7.0,627.0,9.0,Beauty,Winter,3.7,3,0
P0828,22.97,4.08,549.0,7.0,Toys,Winter,2.8,5,0
P0829,24.68,3.46,989.0,7.0,Sports,Winter,3.4,3,1
P0830,27.19,8.07,3794.0,3.0,Electronics,Spring,1.0,3,0
P0831,12.92,4.02,1911.0,6.0,Home,Summer,2.2,1,1
P0832,17.41,3.44,183.0,5.0,Beauty,Winter,2.5,4,0
P0833,16.4,4.03,3470.0,7.0,Electronics,Summer,,4,1
P0834,19.35,4.79,969.0,8.0,Apparel,Summer,3.5,4,1
P0835,32.32,3.59,1517.0,2.0,Apparel,Fall,1.0,2,0
P0836,39.02,4.15,3866.0,6.0,Apparel,Fall,2.6,2,1
P0837,98.04,7.91,175.0,8.0,Sports,Summer,3.8,1,0
P0838,16.46,3.92,637.0,6.0,Apparel,Fall,3.1,3,1
P0839,65.96,5.67,352.0,7.0,Apparel,Fall,3.2,2,1
P0840,28.51,4.21,,7.0,Electronics,Summer,3.7,2,1
P0841,31.99,3.53,1008.0,7.0,Home,Spring,3.4,2,1
P0842,53.11,4.37,13546.0,6.0,Electronics,Fall,2.6,2,1
P0843,15.09,3.84,73.0,4.0,Home,Fall,2.1,2,0
P0844,43.28,4.15,640.0,4.0,Apparel,Spring,1.6,4,0
P0845,37.21,3.69,1435.0,7.0,Apparel,Spring,3.2,3,1
P0846,46.75,6.69,771.0,6.0,Electronics,Spring,3.3,3,1
P0847,40.55,9.68,581.0,6.0,Electronics,Summer,3.2,3,0
P0848,184.7,10.4,140.0,5.0,Electronics,Spring,3.1,2,0
P0849,21.19,6.02,879.0,5.0,Apparel,Summer,2.4,3,0
P0850,22.84,3.6,268.0,8.0,Beauty,Winter,4.1,3,1
P0851,21.41,7.99,50.0,5.0,Home,Winter,2.5,1,0
P0852,22.45,3.5,2789.0,4.0,Apparel,Spring,2.8,4,1
P0853,21.2,7.67,2101.0,7.0,Apparel,Spring,3.2,2,1
P0854,76.12,12.68,708.0,6.0,Toys,Winter,3.2,3,0
P0855,89.51,7.05,876.0,6.0,Home,Summer,3.5,4,0
P0856,22.21,9.12,2414.0,9.0,Electronics,Summer,3.9,4,1
P0857,18.49,4.32,871.0,6.0,Sports,Spring,3.0,3,1
P0858,46.06,4.33,1968.0,7.0,Sports,Spring,3.8,3,1
P0859,22.5,4.04,465.0,4.0,Sports,Spring,2.1,4,0
P0860,51.58,5.4,3211.0,6.0,Electronics,Winter,2.4,4,1
P0861,38.17,3.76,977.0,7.0,Electronics,Fall,4.1,2,1
P0862,11.46,4.3,840.0,3.0,Apparel,Spring,1.7,2,1
P0863,97.83,11.39,145.0,6.0,Toys,Summer,3.0,1,0
P0864,116.41,6.31,939.0,6.0,Home,Fall,3.4,3,0
P0865,21.56,5.51,245.0,6.0,Apparel,Summer,2.7,3,1
P0866,25.24,6.83,309.0,,Beauty,Fall,3.2,4,1
P0867,40.45,8.03,250.0,7.0,Beauty,Winter,3.4,3,1
P0868,41.85,8.59,185.0,9.0,Toys,Fall,3.2,5,0
P0869,52.51,5.18,8516.0,4.0,Beauty,Summer,2.1,2,1
P0870,135.25,12.24,3287.0,6.0,Toys,Fall,3.0,4,0
P0871,29.26,5.5,6664.0,6.0,Apparel,Winter,2.8,2,1
P0872,18.94,3.33,153.0,4.0,Beauty,Summer,1.6,4,0
P0873,12.61,3.85,725.0,8.0,Beauty,Spring,4.2,1,1
P0874,19.85,5.0,141.0,10.0,Apparel,Fall,4.3,3,1
P0875,32.36,3.9,289.0,6.0,Apparel,Summer,3.5,1,1
P0876,116.3,7.52,221.0,7.0,Toys,Fall,3.1,3,0
P0877,23.05,4.84,2944.0,6.0,Electronics,Winter,2.5,4,1
P0878,38.73,3.93,413.0,5.0,Beauty,Summer,2.7,2,1
P0879,32.74,4.73,2397.0,3.0,Apparel,Spring,1.8,2,1
P0880,76.09,7.0,1373.0,5.0,Apparel,Spring,2.1,4,0
P0881,194.19,9.36,10555.0,3.0,Electronics,Fall,2.4,3,0
P0882,22.84,3.2,113.0,9.0,Apparel,Winter,3.7,2,1
P0883,23.51,3.22,3014.0,6.0,Home,Winter,2.2,3,1
P0884,68.78,5.23,2633.0,5.0,Home,Fall,3.1,5,1
P0885,53.37,8.01,207.0,8.0,Apparel,Summer,3.4,4,0
P0886,120.63,6.51,,4.0,Apparel,Summer,2.0,4,0
P0887,49.84,5.5,996.0,5.0,Electronics,Fall,1.8,4,0
P0888,25.75,3.65,506.0,6.0,Apparel,Summer,3.6,3,1
P0889,50.07,4.58,247.0,8.0,Sports,Summer,3.1,1,1
P0890,71.96,7.49,281.0,7.0,Electronics,Summer,3.3,2,0
P0891,58.81,6.22,7784.0,6.0,Apparel,Fall,3.3,2,1
P0892,47.23,4.07,666.0,6.0,Electronics,Spring,3.1,1,1
P0893,69.87,5.44,1700.0,7.0,Apparel,Winter,3.2,2,1
P0894,75.08,4.8,257.0,6.0,Apparel,Spring,2.2,1,0
P0895,87.14,6.1,261.0,4.0,Apparel,Summer,1.9,3,0
P0896,52.15,5.69,2437.0,6.0,Beauty,Fall,3.0,4,1
P0897,29.46,3.57,132.0,4.0,Toys,Winter,1.9,4,0
P0898,36.7,4.11,404.0,6.0,Beauty,Summer,3.0,3,1
P0899,77.06,5.57,693.0,5.0,Electronics,Winter,2.8,2,0
P0900,18.69,6.84,760.0,10.0,Electronics,Winter,4.7,1,1
P0901,42.87,11.28,537.0,6.0,Electronics,Spring,2.4,1,0
P0902,25.15,3.32,1070.0,3.0,Sports,Summer,2.7,1,1
P0903,33.79,5.66,1528.0,6.0,Toys,Winter,3.2,2,1
P0904,81.04,5.63,1606.0,7.0,Apparel,Spring,,3,1
P0905,37.86,4.38,204.0,9.0,Apparel,Fall,4.4,2,1
P0906,34.21,5.63,473.0,5.0,Home,Winter,3.5,3,1
P0907,12.78,6.64,2790.0,3.0,Beauty,Summer,1.3,3,1
P0908,55.83,8.7,1946.0,,Beauty,Fall,3.2,3,1
P0909,52.03,5.35,128.0,4.0,Home,Winter,1.2,4,0
P0910,150.55,7.68,1014.0,5.0,Toys,Winter,2.6,2,0
P0911,26.7,5.62,62.0,,Electronics,Summer,3.0,4,0
P0912,38.61,4.09,704.0,6.0,Beauty,Winter,2.9,3,0
P0913,39.43,4.93,6485.0,7.0,Toys,Summer,3.0,3,1
P0914,99.9,6.16,213.0,5.0,Beauty,Summer,1.7,4,0
P0915,30.98,5.03,244.0,6.0,Electronics,Summer,3.0,4,0
P0916,40.26,4.12,1664.0,6.0,Apparel,Summer,3.5,2,1
P0917,50.68,4.34,104.0,6.0,Electronics,Winter,2.7,3,0
P0918,37.74,7.39,311.0,6.0,Electronics,Fall,3.1,3,0
P0919,24.23,3.39,1361.0,7.0,Beauty,Fall,2.6,3,1
P0920,37.93,4.7,311.0,8.0,Apparel,Spring,3.8,4,1
P0921,70.21,4.98,501.0,7.0,Electronics,Summer,3.1,3,0
P0922,16.14,3.04,1625.0,7.0,Sports,Winter,2.9,5,1
P0923,36.35,3.65,1103.0,3.0,Apparel,Winter,1.5,1,1
P0924,20.29,3.4,916.0,6.0,Electronics,Spring,2.7,3,1
P0925,76.44,7.82,443.0,7.0,Electronics,Fall,3.4,2,0
P0926,11.4,3.34,1037.0,7.0,Home,Winter,2.7,4,1
P0927,22.39,7.68,573.0,5.0,Apparel,Spring,2.4,1,1
P0928,43.12,5.1,1152.0,5.0,Beauty,Fall,2.5,3,1
P0929,99.07,6.33,366.0,5.0,Electronics,Winter,2.1,2,0
P0930,31.63,4.75,534.0,7.0,Beauty,Summer,4.0,2,1
P0931,22.45,4.26,203.0,8.0,Electronics,Spring,3.3,1,1
P0932,123.57,8.34,638.0,5.0,Electronics,Winter,2.3,2,0
P0933,12.02,3.36,251.0,8.0,Apparel,Spring,3.2,4,1
P0934,7.11,3.37,175.0,6.0,Apparel,Spring,3.6,3,1
P0935,45.06,7.22,907.0,6.0,Electronics,Spring,3.1,4,0
P0936,23.3,7.59,859.0,6.0,Apparel,Summer,2.5,5,0
P0937,16.2,6.33,1702.0,7.0,Electronics,Fall,3.7,3,1
P0938,54.37,4.95,396.0,7.0,Home,Fall,3.3,2,1
P0939,39.28,5.95,1085.0,10.0,Electronics,Winter,4.4,4,1
P0940,22.31,4.14,1288.0,4.0,Apparel,Summer,2.1,2,1
P0941,13.51,3.94,1134.0,7.0,Sports,Fall,3.0,2,1
P0942,60.99,4.67,247.0,5.0,Toys,Winter,2.7,1,0
P0943,52.2,5.41,796.0,4.0,Apparel,Winter,2.0,4,0
P0944,30.89,3.74,1030.0,6.0,Apparel,Spring,3.6,3,1
P0945,120.62,6.72,671.0,6.0,Toys,Summer,2.4,3,0
P0946,15.66,5.87,54.0,10.0,Apparel,Fall,4.9,2,1
P0947,11.38,3.19,806.0,6.0,Toys,Summer,2.9,4,1
P0948,20.4,3.22,9462.0,4.0,Apparel,Summer,2.3,2,1
P0949,32.08,3.57,432.0,6.0,Beauty,Fall,3.2,3,1
P0950,39.27,7.92,278.0,2.0,Electronics,Fall,1.2,4,0
P0951,27.97,4.4,1041.0,6.0,Toys,Summer,3.2,4,1
P0952,42.37,4.56,968.0,6.0,Electronics,Winter,1.8,3,0
P0953,13.79,5.41,2783.0,7.0,Home,Summer,3.0,1,1
P0954,90.98,7.94,147.0,8.0,Apparel,Fall,3.2,5,0
P0955,31.26,4.04,1600.0,5.0,Apparel,Summer,2.0,5,1
P0956,72.39,6.45,1351.0,6.0,Sports,Fall,2.8,4,0
P0957,42.09,5.97,561.0,5.0,Electronics,Winter,2.7,2,0
P0958,45.59,5.46,999.0,4.0,Toys,Summer,2.5,3,1
P0959,49.35,4.23,2288.0,7.0,Electronics,Winter,3.3,2,1
P0960,45.3,6.99,1895.0,4.0,Beauty,Summer,1.9,5,0
P0961,51.93,5.22,169.0,5.0,Electronics,Summer,2.7,3,0
P0962,83.97,5.52,1780.0,4.0,Toys,Fall,2.2,2,0
P0963,38.0,4.47,615.0,7.0,Toys,Spring,3.6,2,1
P0964,54.4,4.19,726.0,9.0,Electronics,Fall,4.3,4,1
P0965,31.1,3.64,726.0,,Beauty,Summer,2.2,5,0
P0966,90.75,7.4,555.0,3.0,Beauty,Spring,1.5,5,0
P0967,20.63,3.12,2780.0,6.0,Apparel,Spring,2.6,4,1
P0968,116.82,6.81,602.0,6.0,Home,Winter,2.7,3,0
P0969,32.2,4.57,174.0,6.0,Apparel,Summer,2.8,1,1
P0970,12.16,2.95,415.0,5.0,Beauty,Fall,2.7,3,1
P0971,36.22,9.01,824.0,6.0,Apparel,Spring,3.2,3,1
P0972,20.56,3.5,2908.0,7.0,Apparel,Spring,3.2,3,1
P0973,59.65,4.83,1372.0,8.0,Electronics,Fall,3.6,3,1
P0974,20.97,3.67,240.0,2.0,Home,Fall,1.6,1,0
P0975,24.23,3.62,13124.0,5.0,Beauty,Spring,2.3,4,1
P0976,8.82,2.77,914.0,6.0,Toys,Fall,2.5,4,1
P0977,24.13,5.18,3073.0,4.0,Electronics,Winter,1.5,4,0
P0978,6.07,7.79,554.0,9.0,Apparel,Spring,3.7,4,1
P0979,10.93,3.21,1261.0,5.0,Sports,Winter,2.7,4,1
P0980,56.39,5.82,1821.0,6.0,Home,Summer,2.6,3,1
P0981,57.4,6.25,2869.0,7.0,Electronics,Winter,3.2,3,1
P0982,44.6,6.67,2366.0,5.0,Electronics,Fall,2.7,3,1
P0983,16.83,3.83,1894.0,3.0,Electronics,Spring,2.1,3,1
P0984,32.03,4.0,456.0,5.0,Electronics,Winter,2.1,4,0
P0985,33.03,4.08,335.0,8.0,Sports,Fall,4.0,4,1
P0986,14.72,4.81,991.0,5.0,Electronics,Fall,3.0,5,1
P0987,94.86,7.89,2038.0,4.0,Beauty,Winter,1.7,5,0
P0988,61.2,4.64,509.0,8.0,Electronics,Spring,3.3,3,1
P0989,28.37,4.05,2388.0,5.0,Apparel,Winter,3.0,1,1
P0990,33.74,7.0,3801.0,5.0,Beauty,Summer,2.5,4,1
P0991,38.32,6.11,221.0,6.0,Home,Winter,2.0,2,1
P0992,7.93,9.02,244.0,7.0,Apparel,Winter,2.7,2,1
P0993,27.85,5.44,562.0,10.0,Home,Spring,4.2,3,1
P0994,20.54,3.87,962.0,7.0,Electronics,Winter,2.8,2,1
P0995,16.43,4.33,354.0,8.0,Beauty,Fall,3.4,4,1
P0996,27.2,4.94,3370.0,5.0,Electronics,Spring,2.6,1,1
P0997,116.56,6.12,1106.0,4.0,Sports,Fall,2.8,2,0
P0998,51.86,5.24,697.0,6.0,Apparel,Spring,2.8,3,0
P0999,22.2,5.02,119.0,6.0,Electronics,Summer,3.3,4,0
P1000,49.44,4.26,137.0,4.0,Toys,Summer,2.8,4,0
P1001,88.19,7.42,932.0,6.0,Sports,Summer,3.5,2,0
P1002,63.26,5.71,51.0,7.0,Apparel,Winter,3.4,2,0
P1003,34.53,8.1,2242.0,7.0,Electronics,Summer,2.5,2,1
P1004,21.06,3.2,550.0,7.0,Electronics,Spring,3.4,3,1
P1005,53.99,4.58,20000.0,7.0,Home,Summer,3.7,5,1
P1006,43.62,5.19,10609.0,5.0,Sports,Spring,2.5,1,1
P1007,61.97,4.89,535.0,5.0,Sports,Fall,3.2,3,1
P1008,51.66,5.93,585.0,4.0,Electronics,Winter,2.5,1,0
P1009,69.04,6.71,2197.0,9.0,Sports,Fall,4.2,1,1
P1010,22.77,3.35,5135.0,6.0,Electronics,Fall,3.3,4,1
P1011,83.28,6.08,93.0,6.0,Apparel,Summer,3.0,4,0
P1012,38.03,4.71,78.0,4.0,Home,Summer,1.2,4,0
P1013,141.55,7.44,315.0,10.0,Toys,Summer,4.1,4,0
P1014,20.44,7.17,1338.0,4.0,Sports,Fall,2.7,2,0
P1015,111.63,8.48,1207.0,5.0,Home,Winter,2.2,2,0
P1016,38.04,5.43,2401.0,7.0,Home,Winter,3.2,5,1
P1017,20.99,5.01,158.0,7.0,Toys,Fall,2.8,3,0
P1018,23.6,4.14,50.0,8.0,Electronics,Winter,4.3,4,0
P1019,26.46,7.1,1862.0,9.0,Electronics,Fall,4.6,3,1
P1020,44.56,5.62,246.0,7.0,Toys,Fall,2.9,1,1
P1021,47.75,5.89,59.0,4.0,Beauty,Winter,2.3,1,0
P1022,22.16,6.13,792.0,6.0,Electronics,Spring,2.6,2,1
P1023,32.56,3.96,1723.0,7.0,Electronics,Spring,3.5,4,1
P1024,148.35,9.42,575.0,10.0,Electronics,Summer,4.5,4,0
P1025,110.97,6.15,384.0,3.0,Apparel,Winter,2.2,4,0
P1026,44.94,4.48,549.0,8.0,Toys,Summer,,2,1
P1027,34.01,4.13,426.0,6.0,Electronics,Fall,4.1,5,0
P1028,36.02,9.34,132.0,,Beauty,Spring,3.2,2,0
P1029,50.88,6.94,282.0,6.0,Apparel,Winter,,3,0
P1030,16.18,4.8,1243.0,4.0,Electronics,Winter,2.0,3,0
P1031,27.66,5.28,978.0,7.0,Apparel,Winter,2.6,3,1
P1032,10.3,4.05,814.0,7.0,Sports,Spring,2.7,5,1
P1033,43.79,8.22,202.0,8.0,Home,Summer,3.2,2,1
P1034,52.09,5.09,535.0,6.0,Home,Spring,2.5,1,1
P1035,23.61,3.93,50.0,5.0,Apparel,Summer,2.2,3,0
P1036,99.66,5.76,824.0,3.0,Apparel,Fall,2.1,3,0
P1037,14.04,5.24,3695.0,7.0,Apparel,Fall,3.0,5,1
P1038,11.88,4.85,113.0,7.0,Electronics,Summer,3.2,4,0
P1039,38.75,4.39,329.0,4.0,Home,Fall,2.6,3,0
P1040,68.92,4.61,987.0,5.0,Home,Fall,2.2,2,0
P1041,107.64,8.47,2991.0,5.0,Home,Winter,2.4,1,0
P1042,24.02,3.24,388.0,3.0,Electronics,Winter,2.0,2,0
P1043,70.46,6.44,290.0,5.0,Electronics,Spring,1.8,3,0
P1044,32.23,8.74,63.0,4.0,Apparel,Spring,1.2,5,0
P1045,29.35,4.24,753.0,5.0,Apparel,Spring,2.7,4,1
P1046,61.47,4.75,7712.0,5.0,Beauty,Winter,2.7,3,1
P1047,52.28,5.9,928.0,3.0,Home,Spring,2.7,3,0
P1048,10.98,5.38,648.0,10.0,Apparel,Spring,4.4,3,1
P1049,93.09,6.48,979.0,8.0,Apparel,Winter,3.9,2,1
P1050,87.01,10.23,656.0,5.0,Beauty,Summer,2.5,5,0
P1051,21.37,3.22,251.0,6.0,Sports,Winter,,3,1
P1052,43.69,4.86,1786.0,7.0,Home,Summer,3.9,3,1
P1053,46.8,5.81,872.0,8.0,Electronics,Winter,,1,1
P1054,39.74,6.67,679.0,5.0,Electronics,Spring,2.7,3,0
P1055,22.53,3.47,206.0,8.0,Toys,Fall,4.5,4,1
P1056,20.69,5.53,3179.0,5.0,Sports,Fall,2.7,2,1
P1057,32.53,4.68,1477.0,4.0,Electronics,Summer,2.9,2,1
P1058,75.26,5.52,343.0,7.0,Beauty,Summer,3.0,4,0
P1059,48.45,4.17,2213.0,8.0,Sports,Summer,3.6,1,1
P1060,25.55,6.27,366.0,10.0,Electronics,Fall,4.3,4,1
P1061,56.84,4.46,260.0,4.0,Electronics,Summer,1.3,2,0
P1062,4.99,3.21,267.0,7.0,Apparel,Winter,2.8,3,1
P1063,74.01,5.23,79.0,5.0,Apparel,Winter,2.1,2,0
P1064,9.8,5.87,1171.0,7.0,Sports,Fall,3.6,3,1
P1065,25.69,4.95,74.0,3.0,Electronics,Winter,2.2,5,0
P1066,15.12,5.34,152.0,4.0,Beauty,Summer,2.3,4,0
P1067,13.38,3.33,55.0,5.0,Toys,Fall,2.9,2,0
P1068,74.63,6.21,600.0,6.0,Apparel,Summer,2.8,4,0
P1069,23.87,4.49,555.0,5.0,Electronics,Winter,3.0,3,0
P1070,42.21,6.45,449.0,7.0,Sports,Summer,3.3,5,1
P1071,32.05,7.01,190.0,8.0,Sports,Fall,3.6,4,0
P1072,46.24,3.91,163.0,7.0,Sports,Summer,3.1,1,1
P1073,34.94,5.23,1161.0,9.0,Electronics,Winter,4.2,2,1
P1074,13.49,2.98,344.0,7.0,Electronics,Spring,3.1,4,1
P1075,66.51,5.69,972.0,4.0,Home,Fall,2.6,3,0
P1076,23.44,3.71,230.0,8.0,Toys,Summer,3.1,2,1
P1077,11.14,3.38,827.0,5.0,Electronics,Fall,2.1,2,1
P1078,24.54,3.89,3178.0,8.0,Toys,Summer,3.9,1,1
P1079,94.68,6.8,1344.0,9.0,Electronics,Spring,3.9,3,1
P1080,60.05,4.91,405.0,7.0,Toys,Winter,3.1,5,0
P1081,25.94,5.26,906.0,3.0,Home,Summer,2.2,4,0
P1082,25.93,4.06,498.0,,Electronics,Summer,2.0,5,0
P1083,26.44,3.4,671.0,8.0,Home,Spring,3.5,4,1
P1084,141.7,9.05,450.0,6.0,Electronics,Fall,3.5,4,0
P1085,43.27,4.3,546.0,6.0,Electronics,Winter,3.5,5,1
P1086,44.75,4.69,858.0,7.0,Apparel,Summer,3.9,3,1
P1087,68.12,6.28,202.0,7.0,Apparel,Summer,3.1,3,0
P1088,39.14,4.28,197.0,7.0,Electronics,Winter,3.7,4,1
P1089,27.62,3.42,126.0,6.0,Sports,Spring,2.5,5,0
P1090,28.86,4.07,97.0,5.0,Home,Fall,2.2,2,0
P1091,31.5,7.78,154.0,8.0,Apparel,Winter,2.7,2,0
P1092,32.26,5.01,805.0,7.0,Beauty,Fall,3.9,3,1
P1093,55.11,5.82,228.0,6.0,Home,Spring,2.6,4,0
P1094,34.34,5.03,1232.0,8.0,Toys,Spring,3.5,4,1
P1095,55.3,4.49,693.0,6.0,Home,Winter,2.5,1,1
P1096,31.3,4.25,63.0,4.0,Apparel,Summer,2.5,5,0
P1097,34.99,5.63,1460.0,5.0,Electronics,Spring,2.4,2,1
P1098,8.18,2.91,1760.0,4.0,Home,Spring,1.7,3,1
P1099,62.89,4.87,,6.0,Apparel,Winter,3.1,2,0
P1100,42.21,4.25,1101.0,8.0,Apparel,Winter,3.0,5,1
P1101,66.59,5.35,238.0,5.0,Apparel,Winter,2.2,3,0
P1102,4.99,8.55,748.0,6.0,Electronics,Spring,2.1,2,0
P1103,142.86,6.89,146.0,5.0,Electronics,Fall,2.0,4,0
P1104,30.03,4.5,77.0,6.0,Electronics,Spring,3.0,4,0
P1105,71.93,4.95,420.0,3.0,Apparel,Winter,1.1,3,0
P1106,15.99,8.27,573.0,6.0,Home,Summer,,4,0
P1107,50.85,4.21,413.0,6.0,Home,Summer,2.9,2,1
P1108,15.84,3.75,161.0,7.0,Electronics,Winter,3.0,2,1
P1109,21.4,5.15,412.0,6.0,Apparel,Summer,3.7,1,1
P1110,126.45,8.12,919.0,4.0,Apparel,Spring,2.9,1,0
P1111,28.98,4.19,630.0,8.0,Electronics,Fall,3.3,5,1
P1112,38.56,4.29,828.0,6.0,Apparel,Spring,3.1,5,0
P1113,60.89,5.09,298.0,6.0,Electronics,Winter,3.2,3,0
P1114,46.85,4.37,,6.0,Home,Spring,2.7,5,1
P1115,36.79,3.95,162.0,5.0,Electronics,Summer,2.0,3,0
P1116,42.75,4.77,1194.0,6.0,Apparel,Spring,2.9,3,1
P1117,178.11,8.31,2747.0,7.0,Electronics,Fall,3.2,3,0
P1118,31.81,3.96,1185.0,3.0,Home,Summer,1.7,3,0
P1119,38.12,5.25,522.0,5.0,Beauty,Fall,2.7,3,0
P1120,69.09,9.76,353.0,6.0,Sports,Fall,,4,0
P1121,71.8,6.04,2306.0,6.0,Home,Fall,2.4,3,1
P1122,76.01,4.9,121.0,8.0,Electronics,Spring,3.6,4,0
P1123,51.79,4.17,208.0,,Electronics,Spring,2.7,4,0
P1124,14.88,7.48,413.0,5.0,Beauty,Spring,2.1,3,0
P1125,103.9,6.15,2937.0,5.0,Apparel,Spring,2.9,2,1
P1126,14.84,3.09,1049.0,5.0,Toys,Summer,1.8,1,1
P1127,40.93,5.1,208.0,5.0,Home,Spring,2.3,3,0
P1128,19.53,4.55,458.0,7.0,Home,Summer,3.1,3,1
P1129,31.66,5.02,318.0,4.0,Apparel,Fall,1.9,3,0
P1130,41.68,4.22,284.0,7.0,Home,Summer,3.0,3,1
P1131,41.47,3.77,2153.0,3.0,Electronics,Winter,2.6,5,0
P1132,44.49,8.86,128.0,5.0,Apparel,Spring,2.2,1,0
P1133,102.47,6.01,4585.0,5.0,Electronics,Winter,3.5,1,1
P1134,45.49,5.56,1797.0,9.0,Beauty,Summer,4.1,3,1
P1135,27.91,5.18,2463.0,6.0,Electronics,Spring,2.9,3,1
P1136,65.03,5.86,382.0,2.0,Electronics,Winter,1.7,3,0
P1137,76.14,5.35,556.0,2.0,Apparel,Spring,2.5,4,0
P1138,14.02,3.39,119.0,6.0,Sports,Summer,2.5,5,0
P1139,50.31,5.38,354.0,7.0,Sports,Winter,2.8,1,1
P1140,54.1,7.14,1203.0,7.0,Home,Summer,2.9,2,1
P1141,26.89,7.71,3150.0,6.0,Electronics,Winter,2.9,4,1
P1142,86.75,5.27,176.0,8.0,Electronics,Fall,,4,0
P1143,29.81,3.65,429.0,5.0,Home,Fall,2.6,5,0
P1144,36.16,7.93,555.0,8.0,Apparel,Fall,4.3,4,1
P1145,29.34,5.38,125.0,3.0,Toys,Fall,1.9,3,0
P1146,33.48,6.72,1352.0,4.0,Home,Fall,2.1,2,1
P1147,15.37,3.3,279.0,3.0,Electronics,Summer,1.6,2,0
P1148,12.08,4.19,526.0,6.0,Electronics,Fall,3.3,2,1
P1149,101.1,7.34,387.0,6.0,Sports,Summer,2.6,4,0
P1150,18.3,4.76,258.0,6.0,Apparel,Fall,3.6,3,1
P1151,16.54,3.78,660.0,6.0,Electronics,Spring,3.7,1,1
P1152,7.33,2.74,514.0,4.0,Home,Fall,2.3,2,0
P1153,21.17,4.45,426.0,6.0,Electronics,Spring,2.9,4,0
P1154,13.12,3.33,278.0,3.0,Sports,Summer,2.3,3,0
P1155,104.52,6.53,976.0,8.0,Apparel,Fall,4.0,4,0
P1156,67.15,9.25,4838.0,5.0,Sports,Winter,2.2,3,1
P1157,20.46,3.88,787.0,5.0,Apparel,Summer,2.3,5,0
P1158,160.25,10.05,2198.0,9.0,Apparel,Fall,3.4,3,0
P1159,65.84,4.79,125.0,4.0,Beauty,Summer,2.4,3,0
P1160,26.38,4.97,804.0,4.0,Home,Winter,2.5,2,1
P1161,5.76,8.33,178.0,4.0,Electronics,Fall,1.7,3,0
P1162,164.62,7.6,113.0,6.0,Apparel,Winter,2.7,1,0
P1163,12.52,2.89,,7.0,Home,Fall,2.7,3,1
P1164,10.47,3.67,2780.0,7.0,Electronics,Spring,2.9,3,1
P1165,67.75,4.68,2080.0,10.0,Toys,Summer,4.5,1,1
P1166,182.7,10.05,890.0,2.0,Toys,Winter,1.2,2,0
P1167,87.27,8.81,106.0,7.0,Home,Summer,3.1,4,0
P1168,49.14,4.83,526.0,5.0,Electronics,Winter,1.9,3,0
P1169,50.22,4.46,955.0,5.0,Electronics,Summer,2.6,3,0
P1170,60.18,5.16,821.0,5.0,Home,Summer,2.5,3,0
P1171,56.33,6.12,73.0,4.0,Apparel,Summer,1.9,3,0
P1172,40.32,3.72,229.0,9.0,Electronics,Spring,3.9,4,1
P1173,35.62,4.9,616.0,8.0,Apparel,Fall,3.7,3,1
P1174,31.7,4.88,1266.0,6.0,Apparel,Spring,2.6,1,1
P1175,19.54,4.61,50.0,8.0,Apparel,Summer,3.0,5,0
P1176,27.21,3.73,,3.0,Electronics,Winter,2.6,3,1
P1177,10.12,4.68,790.0,4.0,Sports,Summer,1.9,2,1
P1178,30.91,3.57,1844.0,2.0,Electronics,Fall,1.5,1,0
P1179,16.58,3.33,1528.0,5.0,Electronics,Spring,3.0,3,1
P1180,15.29,6.11,1338.0,6.0,Apparel,Fall,4.3,3,1
P1181,37.56,5.64,255.0,6.0,Home,Winter,2.4,5,0
P1182,87.74,5.15,67.0,6.0,Electronics,Fall,3.1,3,0
P1183,62.98,4.82,415.0,3.0,Home,Spring,1.6,2,0
P1184,11.03,3.19,2213.0,7.0,Toys,Winter,3.0,4,1
P1185,16.56,3.47,3541.0,6.0,Apparel,Fall,2.6,4,1
P1186,63.98,4.85,1560.0,7.0,Apparel,Spring,2.8,3,1
P1187,16.65,3.1,1113.0,3.0,Electronics,Spring,1.8,4,0
P1188,28.3,4.27,1049.0,7.0,Toys,Summer,2.7,3,1
P1189,48.67,5.94,341.0,4.0,Sports,Fall,2.6,3,0
P1190,16.81,4.4,569.0,5.0,Beauty,Winter,2.6,4,0
P1191,35.65,5.25,4929.0,7.0,Electronics,Summer,3.4,4,1
P1192,13.02,3.02,215.0,6.0,Toys,Fall,2.7,3,1
P1193,21.74,7.69,4618.0,4.0,Apparel,Fall,2.1,5,0
P1194,41.42,6.48,452.0,6.0,Apparel,Winter,3.0,1,1
P1195,10.86,5.28,3263.0,3.0,Beauty,Summer,1.4,5,0
P1196,45.08,6.45,123.0,8.0,Toys,Summer,3.5,1,1
P1197,32.66,7.53,1344.0,6.0,Apparel,Winter,2.6,2,1
P1198,48.75,5.14,275.0,8.0,Apparel,Summer,3.2,3,0
P1199,38.73,4.0,122.0,5.0,Apparel,Spring,1.7,3,0
P1200,86.05,6.52,865.0,5.0,Apparel,Winter,3.1,4,0
P1201,36.15,5.62,2234.0,5.0,Apparel,Fall,2.3,2,1
P1202,24.52,5.24,241.0,8.0,Toys,Winter,4.1,3,1
P1203,36.08,4.69,110.0,5.0,Home,Spring,3.0,2,0
P1204,48.44,4.06,596.0,7.0,Sports,Winter,,3,1
P1205,34.27,4.22,599.0,5.0,Sports,Fall,2.1,3,1
P1206,34.07,7.33,1284.0,2.0,Electronics,Fall,2.5,3,0
P1207,20.26,4.43,2079.0,5.0,Sports,Winter,3.3,2,1
P1208,20.82,4.28,619.0,4.0,Home,Winter,2.2,2,1
P1209,12.41,3.34,6165.0,6.0,Electronics,Spring,3.0,3,1
P1210,112.7,6.57,871.0,4.0,Home,Spring,1.9,4,0
P1211,13.86,6.3,439.0,8.0,Electronics,Fall,3.8,2,1
P1212,20.39,4.76,96.0,6.0,Beauty,Summer,2.6,2,1
P1213,20.03,5.42,485.0,6.0,Toys,Summer,2.1,4,0
P1214,61.96,5.27,444.0,7.0,Electronics,Summer,2.7,3,0
P1215,26.94,4.8,2106.0,8.0,Sports,Summer,3.6,4,1
P1216,79.31,5.31,1159.0,6.0,Apparel,Fall,2.4,2,0
P1217,20.67,4.95,162.0,,Sports,Summer,2.5,1,1
P1218,40.26,4.54,818.0,3.0,Electronics,Summer,1.4,2,0
P1219,18.45,3.93,1489.0,5.0,Apparel,Winter,2.2,2,1
P1220,148.65,8.53,4162.0,5.0,Electronics,Summer,2.9,3,0
P1221,14.42,7.06,1929.0,6.0,Home,Winter,3.0,2,1
P1222,41.14,3.83,1657.0,5.0,Apparel,Fall,2.5,4,0
P1223,51.61,6.66,715.0,7.0,Toys,Winter,3.6,3,1
P1224,44.24,4.35,1060.0,5.0,Apparel,Spring,2.7,3,1
P1225,29.09,4.25,2979.0,6.0,Toys,Winter,3.5,3,1
P1226,30.24,3.44,134.0,8.0,Sports,Summer,3.4,3,1
P1227,34.15,4.06,437.0,7.0,Electronics,Winter,3.1,3,1
P1228,29.88,4.44,263.0,6.0,Electronics,Winter,2.4,4,1
P1229,65.02,4.54,1048.0,5.0,Sports,Fall,2.4,2,0
P1230,155.61,8.18,2911.0,5.0,Home,Fall,2.9,5,0
P1231,22.42,7.1,325.0,4.0,Home,Summer,2.7,3,0
P1232,12.69,3.05,50.0,5.0,Electronics,Spring,2.9,1,0
P1233,31.13,5.6,406.0,7.0,Electronics,Spring,2.5,3,0
P1234,201.5,9.34,1991.0,6.0,Toys,Winter,3.3,2,0
P1235,18.87,4.66,1268.0,4.0,Apparel,Spring,1.5,4,0
P1236,104.31,6.08,1112.0,9.0,Electronics,Fall,4.3,5,1
P1237,107.17,5.98,475.0,7.0,Electronics,Summer,3.1,2,0
P1238,22.48,3.44,143.0,3.0,Sports,Summer,2.1,3,0
P1239,49.32,4.09,1234.0,5.0,Sports,Fall,2.0,1,1
P1240,103.53,5.91,244.0,6.0,Electronics,Summer,3.4,4,0
P1241,25.4,4.9,9145.0,9.0,Apparel,Winter,3.4,2,1
P1242,28.72,6.56,1319.0,4.0,Apparel,Summer,1.9,2,1
P1243,22.04,5.69,331.0,8.0,Electronics,Spring,3.2,2,1
P1244,16.28,4.72,319.0,9.0,Electronics,Summer,,4,1
P1245,21.02,3.31,595.0,5.0,Toys,Summer,2.6,4,0
P1246,14.06,3.43,499.0,6.0,Electronics,Fall,3.6,3,1
P1247,33.92,4.07,2541.0,4.0,Electronics,Fall,3.3,2,1
P1248,19.32,3.51,832.0,6.0,Beauty,Spring,2.9,5,1
P1249,39.0,4.76,276.0,,Electronics,Fall,3.3,2,1
P1250,11.14,3.98,6429.0,7.0,Home,Spring,3.3,1,1
P1251,41.75,4.41,706.0,8.0,Apparel,Winter,3.8,4,1
P1252,59.35,4.94,1673.0,5.0,Electronics,Spring,2.4,2,0
P1253,8.2,5.39,321.0,2.0,Toys,Summer,1.6,4,0
P1254,43.03,6.13,1028.0,6.0,Home,Spring,3.1,3,1
P1255,78.21,5.4,966.0,7.0,Electronics,Winter,3.0,4,0
P1256,14.2,6.6,69.0,6.0,Home,Summer,2.9,5,0
P1257,106.78,10.28,7468.0,5.0,Beauty,Spring,2.5,2,0
P1258,44.4,4.43,3130.0,6.0,Electronics,Fall,3.2,2,1
P1259,20.22,3.76,413.0,9.0,Electronics,Fall,3.5,3,1
P1260,31.85,4.51,177.0,7.0,Toys,Fall,3.2,5,0
P1261,48.95,8.22,1009.0,5.0,Apparel,Spring,3.3,2,0
P1262,34.93,6.68,738.0,5.0,Sports,Spring,3.0,2,1
P1263,48.29,4.11,1019.0,6.0,Home,Winter,3.4,4,1
P1264,17.38,3.77,837.0,9.0,Home,Summer,4.0,2,1
P1265,37.28,4.83,1221.0,6.0,Electronics,Summer,3.0,3,1
P1266,12.31,3.92,3777.0,6.0,Electronics,Summer,3.3,1,1
P1267,30.63,3.74,1315.0,5.0,Home,Summer,3.2,5,1
P1268,17.59,5.96,189.0,8.0,Apparel,Spring,2.8,1,1
P1269,19.79,4.79,3412.0,10.0,Electronics,Spring,3.8,3,1
P1270,78.67,7.59,4763.0,7.0,Apparel,Winter,3.8,3,1
P1271,71.09,7.57,20000.0,6.0,Apparel,Summer,2.8,5,1
P1272,50.72,6.09,173.0,6.0,Toys,Spring,,1,0
P1273,15.42,3.83,890.0,2.0,Electronics,Spring,1.0,5,0
P1274,26.54,4.71,55.0,7.0,Toys,Spring,3.0,4,0
P1275,77.41,5.08,1292.0,,Apparel,Spring,2.3,4,0
P1276,36.57,5.28,,7.0,Home,Summer,4.1,2,1
P1277,167.93,7.83,6688.0,5.0,Apparel,Summer,2.5,4,0
P1278,43.61,5.58,263.0,5.0,Sports,Spring,2.5,2,0
P1279,37.88,4.03,,5.0,Sports,Fall,2.8,5,0
P1280,26.67,3.49,378.0,8.0,Apparel,Winter,4.0,2,1
P1281,36.36,3.86,62.0,5.0,Beauty,Summer,2.9,3,0
P1282,29.76,3.4,1638.0,10.0,Apparel,Summer,4.7,2,1
P1283,54.36,6.03,56.0,7.0,Home,Fall,3.0,2,0
P1284,64.7,6.42,688.0,4.0,Toys,Summer,2.1,4,0
P1285,19.1,4.16,55.0,6.0,Beauty,Fall,3.2,4,0
P1286,13.04,3.16,453.0,5.0,Toys,Fall,2.3,4,1
P1287,9.16,2.91,4779.0,2.0,Electronics,Spring,1.5,1,1
P1288,47.26,3.95,1025.0,9.0,Apparel,Summer,4.1,4,1
P1289,15.3,3.23,236.0,7.0,Apparel,Winter,3.6,5,1
P1290,7.34,6.04,641.0,7.0,Electronics,Fall,2.5,2,1
P1291,43.47,4.22,680.0,6.0,Sports,Winter,3.2,5,0
P1292,189.63,8.84,1173.0,4.0,Apparel,Spring,2.1,3,0
P1293,32.98,3.66,129.0,5.0,Home,Summer,2.8,1,0
P1294,59.56,4.66,1354.0,8.0,Electronics,Spring,3.9,3,1
P1295,35.07,4.65,50.0,4.0,Electronics,Spring,2.8,4,0
P1296,30.9,4.83,312.0,1.0,Home,Winter,1.7,2,0
P1297,63.01,4.81,370.0,6.0,Electronics,Winter,3.4,2,0
P1298,27.03,3.4,1422.0,6.0,Sports,Fall,3.5,4,1
P1299,39.93,4.44,683.0,6.0,Apparel,Summer,3.0,3,1
P1300,41.48,4.14,123.0,7.0,Sports,Spring,3.3,4,0
P1301,20.75,3.49,204.0,7.0,Apparel,Fall,3.6,3,1
P1302,66.32,9.31,,6.0,Apparel,Fall,3.2,4,0
P1303,29.3,4.82,,8.0,Home,Spring,3.5,2,1
P1304,19.51,4.31,332.0,3.0,Beauty,Spring,,3,0
P1305,48.21,4.75,374.0,7.0,Electronics,Fall,3.2,2,1
P1306,17.66,3.87,1534.0,7.0,Electronics,Spring,2.9,5,1
P1307,33.78,4.68,357.0,4.0,Electronics,Spring,2.7,2,0
P1308,32.9,5.28,598.0,3.0,Apparel,Winter,1.9,4,0
P1309,70.82,6.44,8991.0,5.0,Sports,Summer,3.4,3,1
P1310,46.17,4.17,120.0,5.0,Sports,Fall,1.9,3,0
P1311,32.54,4.52,72.0,7.0,Apparel,Spring,3.0,2,0
P1312,58.7,5.06,1703.0,5.0,Electronics,Fall,2.6,2,1
P1313,87.63,8.2,295.0,4.0,Sports,Summer,2.7,1,0
P1314,48.93,5.47,454.0,5.0,Electronics,Fall,2.7,2,0
P1315,33.36,4.64,261.0,8.0,Home,Fall,3.7,3,1
P1316,13.22,3.08,487.0,6.0,Apparel,Fall,2.4,3,1
P1317,15.71,4.37,4529.0,6.0,Home,Winter,2.4,4,1
P1318,26.74,3.49,1742.0,6.0,Apparel,Summer,3.0,2,1
P1319,21.61,3.77,1872.0,8.0,Beauty,Summer,3.1,2,1
P1320,29.05,3.6,122.0,5.0,Electronics,Fall,2.3,1,0
P1321,34.46,5.3,167.0,8.0,Electronics,Fall,3.8,4,1
P1322,47.98,4.29,50.0,6.0,Beauty,Summer,2.5,5,0
P1323,31.52,4.19,252.0,6.0,Apparel,Spring,3.5,5,0
P1324,46.55,7.29,2097.0,10.0,Electronics,Winter,4.8,4,1
P1325,34.64,3.88,1237.0,4.0,Electronics,Summer,1.6,4,0
P1326,8.31,3.81,510.0,5.0,Electronics,Fall,2.2,5,0
P1327,17.16,3.83,648.0,4.0,Beauty,Spring,1.3,3,0
P1328,29.94,3.43,291.0,8.0,Sports,Spring,3.3,4,1
P1329,14.2,5.29,850.0,9.0,Apparel,Spring,4.3,3,1
P1330,50.4,4.12,1667.0,9.0,Sports,Winter,3.8,1,1
P1331,96.69,6.37,96.0,8.0,Electronics,Winter,3.8,2,0
P1332,77.72,6.07,953.0,6.0,Beauty,Summer,2.3,3,0
P1333,28.52,4.84,2036.0,5.0,Electronics,Summer,2.9,3,1
P1334,94.02,7.07,404.0,3.0,Home,Summer,1.6,5,0
P1335,36.75,4.04,1542.0,10.0,Electronics,Summer,4.3,3,1
P1336,26.15,3.3,19489.0,7.0,Electronics,Fall,3.2,4,1
P1337,21.56,5.07,587.0,5.0,Electronics,Winter,2.0,2,0
P1338,26.8,4.45,1066.0,8.0,Apparel,Spring,3.1,3,1
P1339,25.24,5.97,,4.0,Sports,Fall,2.6,1,1
P1340,37.31,6.2,827.0,7.0,Electronics,Summer,3.4,2,1
P1341,37.05,6.39,1156.0,6.0,Toys,Summer,3.3,4,1
P1342,33.19,4.49,840.0,7.0,Electronics,Fall,3.4,3,1
P1343,44.96,4.46,196.0,6.0,Home,Spring,3.0,4,0
P1344,76.21,7.14,852.0,3.0,Toys,Winter,1.2,3,0
P1345,64.37,5.33,3845.0,6.0,Home,Winter,2.8,3,1
P1346,11.71,3.16,1140.0,8.0,Beauty,Spring,3.6,5,1
P1347,5.54,5.56,2110.0,6.0,Beauty,Winter,3.7,3,1
P1348,63.69,7.62,500.0,7.0,Electronics,Summer,3.5,4,0
P1349,12.72,3.82,1636.0,4.0,Home,Summer,2.8,3,1
P1350,28.29,3.47,930.0,6.0,Apparel,Summer,,4,1
P1351,14.6,3.67,212.0,,Electronics,Summer,2.3,4,0
P1352,9.38,5.22,975.0,7.0,Apparel,Spring,3.3,3,1
P1353,48.38,7.43,202.0,6.0,Sports,Winter,3.0,1,0
P1354,56.34,4.53,311.0,7.0,Electronics,Winter,2.9,3,0
P1355,22.12,3.27,835.0,8.0,Electronics,Fall,3.4,4,1
P1356,5.4,5.81,950.0,7.0,Electronics,Spring,3.2,4,1
P1357,22.59,3.92,160.0,6.0,Toys,Winter,3.5,4,1
P1358,43.57,4.98,2356.0,4.0,Apparel,Winter,1.4,1,1
P1359,11.76,8.02,1321.0,6.0,Apparel,Fall,3.4,2,1
P1360,37.65,3.73,286.0,5.0,Apparel,Summer,2.2,3,0
P1361,32.76,5.05,105.0,5.0,Toys,Winter,2.0,3,0
P1362,49.68,4.11,559.0,5.0,Toys,Summer,3.0,4,0
P1363,36.01,4.29,390.0,4.0,Home,Fall,2.5,3,0
P1364,16.76,5.45,762.0,2.0,Beauty,Winter,2.0,3,0
P1365,76.52,5.65,430.0,5.0,Apparel,Summer,2.9,3,0
P1366,29.64,12.2,60.0,6.0,Toys,Spring,3.7,2,0
P1367,32.49,4.7,417.0,4.0,Apparel,Summer,2.4,1,1
P1368,17.23,3.6,461.0,6.0,Apparel,Summer,2.8,4,1
P1369,24.28,3.6,1423.0,9.0,Apparel,Summer,4.1,3,1
P1370,17.83,3.68,288.0,8.0,Home,Summer,4.1,2,1
P1371,29.34,4.08,4986.0,9.0,Sports,Spring,3.6,1,1
P1372,109.75,5.9,67.0,7.0,Electronics,Fall,3.0,4,0
P1373,12.68,3.57,3208.0,8.0,Toys,Summer,3.5,3,1
P1374,10.7,3.76,508.0,5.0,Electronics,Summer,1.7,4,1
P1375,92.74,7.21,1866.0,5.0,Apparel,Winter,2.6,5,0
P1376,28.6,4.96,732.0,1.0,Electronics,Winter,1.0,1,0
P1377,20.73,4.97,2611.0,8.0,Home,Spring,3.6,2,1
P1378,68.58,4.57,418.0,9.0,Beauty,Spring,4.3,3,1
P1379,21.67,3.52,178.0,5.0,Electronics,Spring,2.4,5,0
P1380,118.89,7.69,3658.0,6.0,Home,Winter,3.6,1,1
P1381,53.23,5.09,580.0,5.0,Electronics,Summer,2.0,5,0
P1382,23.53,3.21,868.0,7.0,Home,Winter,3.7,3,1
P1383,149.92,9.45,2927.0,8.0,Toys,Fall,3.9,3,0
P1384,21.67,5.37,193.0,3.0,Apparel,Spring,1.2,3,0
P1385,55.67,5.36,1359.0,7.0,Beauty,Spring,4.3,2,1
P1386,40.83,3.83,328.0,6.0,Home,Spring,2.9,4,0
P1387,82.37,7.15,568.0,6.0,Electronics,Fall,2.5,2,0
P1388,98.8,6.78,725.0,7.0,Toys,Summer,2.7,3,0
P1389,33.87,5.8,110.0,6.0,Electronics,Summer,2.8,3,0
P1390,19.54,5.18,261.0,6.0,Electronics,Summer,2.8,2,0
P1391,45.69,6.31,3365.0,6.0,Apparel,Spring,2.9,5,1
P1392,20.61,4.21,1926.0,8.0,Apparel,Summer,3.5,4,1
P1393,135.55,6.79,617.0,7.0,Beauty,Winter,,4,0
P1394,36.44,5.26,890.0,6.0,Home,Spring,2.7,4,1
P1395,25.64,4.72,467.0,4.0,Beauty,Fall,1.4,1,1
P1396,37.69,5.66,3388.0,5.0,Apparel,Fall,2.5,5,1
P1397,12.9,3.17,523.0,8.0,Apparel,Summer,2.7,1,1
P1398,16.77,3.33,878.0,6.0,Apparel,Spring,3.0,2,1
P1399,76.73,8.12,2631.0,7.0,Electronics,Winter,2.9,2,1
P1400,20.91,5.21,262.0,9.0,Toys,Winter,4.0,4,1
P1401,15.91,6.56,4318.0,8.0,Home,Spring,4.1,3,1
P1402,48.21,6.08,106.0,6.0,Electronics,Summer,2.5,3,0
P1403,75.94,6.14,,5.0,Beauty,Fall,3.0,3,1
P1404,54.78,5.74,425.0,1.0,Sports,Fall,1.0,2,0
P1405,66.5,7.79,497.0,6.0,Apparel,Winter,3.6,1,1
P1406,19.5,4.38,69.0,5.0,Sports,Winter,2.4,4,0
P1407,12.24,4.37,385.0,7.0,Electronics,Winter,2.9,4,0
P1408,94.72,5.6,,6.0,Apparel,Fall,3.2,5,0
P1409,26.42,4.26,321.0,5.0,Apparel,Winter,2.4,2,1
P1410,27.78,5.22,564.0,3.0,Electronics,Fall,1.5,4,0
P1411,83.91,5.49,2099.0,4.0,Electronics,Fall,2.0,3,0
P1412,48.88,4.31,853.0,7.0,Electronics,Summer,3.2,4,1
P1413,45.56,4.43,962.0,9.0,Apparel,Summer,4.5,4,1
P1414,150.73,7.44,179.0,6.0,Sports,Summer,2.1,3,0
P1415,21.11,3.5,231.0,7.0,Toys,Winter,3.3,3,1
P1416,63.4,5.23,5759.0,8.0,Sports,Fall,3.8,4,1
P1417,34.46,7.11,275.0,5.0,Electronics,Winter,2.6,4,0
P1418,39.97,4.76,4853.0,7.0,Apparel,Fall,3.8,2,1
P1419,96.54,5.71,497.0,5.0,Apparel,Summer,2.5,1,0
P1420,47.25,4.04,667.0,8.0,Apparel,Summer,3.5,3,1
P1421,48.27,5.73,2403.0,6.0,Home,Winter,3.1,5,0
P1422,70.16,5.33,3060.0,7.0,Home,Fall,3.3,4,1
P1423,25.65,5.86,582.0,5.0,Sports,Winter,2.4,2,0
P1424,18.4,4.67,417.0,7.0,Home,Spring,3.5,2,1
P1425,15.94,5.36,622.0,10.0,Electronics,Winter,4.0,5,1
P1426,8.36,3.23,998.0,4.0,Electronics,Summer,2.0,2,1
P1427,139.68,8.46,1938.0,5.0,Home,Fall,,4,0
P1428,15.3,3.42,669.0,6.0,Electronics,Fall,3.4,2,1
P1429,28.36,7.55,1398.0,7.0,Apparel,Winter,2.0,5,0
P1430,27.28,4.84,4751.0,5.0,Electronics,Summer,2.7,2,1
P1431,41.07,4.32,1051.0,1.0,Electronics,Spring,1.2,4,0
P1432,58.62,4.73,967.0,8.0,Apparel,Winter,2.9,3,1
P1433,60.48,4.63,107.0,7.0,Beauty,Fall,3.4,3,0
P1434,22.02,4.94,50.0,3.0,Beauty,Summer,,1,0
P1435,29.46,3.75,1060.0,5.0,Apparel,Fall,2.8,1,1
P1436,40.36,5.07,594.0,9.0,Apparel,Fall,2.9,3,1
P1437,27.82,3.8,359.0,9.0,Sports,Fall,4.5,3,1
P1438,102.02,7.19,891.0,8.0,Apparel,Fall,3.3,2,1
P1439,46.7,6.43,619.0,6.0,Electronics,Spring,3.2,2,0
P1440,55.39,6.42,2574.0,6.0,Apparel,Summer,3.2,4,1
P1441,52.67,6.23,738.0,6.0,Apparel,Winter,2.5,4,0
P1442,75.3,5.07,271.0,8.0,Sports,Summer,3.9,3,1
P1443,37.59,3.77,2182.0,4.0,Sports,Summer,2.0,4,0
P1444,13.36,4.7,,5.0,Apparel,Summer,1.7,2,1
P1445,43.81,4.5,,8.0,Electronics,Winter,,3,1
P1446,20.99,3.98,375.0,6.0,Apparel,Summer,2.6,5,1
P1447,22.87,3.23,305.0,8.0,Apparel,Winter,3.3,3,1
P1448,49.92,4.45,736.0,5.0,Toys,Winter,2.4,3,0
P1449,78.79,4.92,675.0,6.0,Home,Spring,3.0,5,0
P1450,33.61,6.68,,4.0,Electronics,Fall,2.2,1,0
P1451,41.11,4.15,482.0,6.0,Sports,Winter,3.1,4,0
P1452,109.02,6.99,73.0,3.0,Beauty,Fall,1.3,5,0
P1453,39.19,3.74,396.0,5.0,Sports,Summer,,3,0
P1454,204.62,10.29,1724.0,3.0,Apparel,Fall,1.8,4,0
P1455,49.2,4.56,466.0,7.0,Apparel,Fall,4.0,2,1
P1456,9.65,6.21,495.0,7.0,Home,Fall,3.2,2,1
P1457,56.11,7.47,2173.0,3.0,Electronics,Summer,2.3,3,0
P1458,43.24,4.39,283.0,8.0,Toys,Summer,3.6,4,1
P1459,81.68,8.42,104.0,10.0,Home,Winter,4.1,4,0
P1460,53.05,12.43,549.0,6.0,Toys,Winter,2.8,5,0
P1461,30.06,6.02,372.0,5.0,Apparel,Spring,2.5,3,0
P1462,14.06,5.72,209.0,10.0,Beauty,Summer,4.5,4,1
P1463,28.61,3.79,539.0,4.0,Electronics,Spring,2.7,3,0
P1464,18.26,4.34,1200.0,6.0,Toys,Summer,3.0,4,1
P1465,22.06,3.27,658.0,6.0,Apparel,Fall,3.4,3,1
P1466,50.0,4.15,961.0,8.0,Electronics,Spring,3.2,4,1
P1467,106.58,15.91,5861.0,7.0,Sports,Spring,3.1,4,0
P1468,43.65,4.4,441.0,5.0,Electronics,Spring,2.3,1,0
P1469,14.34,5.0,929.0,4.0,Electronics,Summer,2.3,2,1
P1470,45.21,6.32,361.0,5.0,Toys,Winter,2.4,3,0
P1471,76.53,7.72,241.0,4.0,Electronics,Spring,2.5,1,0
P1472,21.61,12.21,330.0,6.0,Home,Winter,2.5,4,0
P1473,30.15,3.82,374.0,5.0,Apparel,Summer,2.6,4,0
P1474,33.46,3.57,1024.0,3.0,Beauty,Spring,2.1,3,0
P1475,19.12,3.87,11147.0,8.0,Home,Summer,,2,1
P1476,52.13,4.27,282.0,5.0,Electronics,Winter,3.4,5,0
P1477,30.43,3.45,403.0,4.0,Apparel,Winter,,5,0
P1478,44.42,4.5,617.0,6.0,Home,Spring,2.1,3,1
P1479,17.79,5.33,1070.0,6.0,Apparel,Winter,3.0,4,1
P1480,24.38,4.48,913.0,3.0,Apparel,Fall,1.9,3,0
P1481,54.91,4.71,3105.0,7.0,Home,Fall,3.2,4,1
P1482,25.51,4.86,50.0,4.0,Apparel,Spring,2.6,3,0
P1483,110.93,6.22,50.0,9.0,Apparel,Summer,4.2,3,0
P1484,25.03,3.27,367.0,7.0,Home,Summer,3.4,4,1
P1485,38.76,5.83,2482.0,5.0,Apparel,Summer,2.7,5,0
P1486,63.61,5.87,102.0,,Electronics,Fall,2.5,1,0
P1487,12.27,5.02,50.0,6.0,Apparel,Winter,3.6,3,0
P1488,9.65,2.85,1320.0,7.0,Home,Fall,2.7,2,1
P1489,11.38,5.56,891.0,6.0,Home,Winter,3.0,5,1
P1490,80.14,6.35,180.0,6.0,Sports,Fall,2.9,2,0
P1491,22.5,4.42,204.0,6.0,Electronics,Summer,,1,1
P1492,198.49,9.92,208.0,5.0,Apparel,Summer,2.2,4,0
P1493,22.31,6.17,759.0,5.0,Apparel,Summer,1.9,5,0
P1494,37.68,4.96,314.0,2.0,Electronics,Spring,1.6,4,0
P1495,97.46,6.73,1203.0,8.0,Toys,Spring,3.7,3,1
P1496,134.86,13.56,50.0,7.0,Apparel,Winter,3.8,3,0
P1497,140.2,8.83,238.0,5.0,Electronics,Spring,2.0,5,0
P1498,77.16,5.69,172.0,9.0,Apparel,Fall,4.4,2,1
P1499,67.82,6.38,489.0,6.0,Home,Fall,3.8,3,1
P1500,50.14,4.74,349.0,4.0,Home,Winter,2.0,2,0
