cliente,eta,reddito,citta,acquista
1,22,18000,Milano,0
2,25,22000,Roma,0
3,28,26000,Napoli,0
4,31,30000,Milano,0
5,35,38000,Roma,0
6,40,45000,Napoli,1
7,45,52000,Milano,1
8,48,60000,Roma,1
9,52,68000,Napoli,1
10,55,75000,Milano,1
11,60,82000,Roma,1
12,38,41000,Napoli,0
13,33,35000,Milano,0
14,29,28000,Roma,0
15,15,20000,Napoli,0
16,42,48000,Milano,1
17,47,55000,Roma,1
18,120,70000,Napoli,1
19,51,65000,Milano,1
20,39,43000,Roma,0
21,26,24000,Napoli,0
22,32,32000,Milano,0
23,44,50000,Roma,1
24,49,58000,Napoli,1
25,36,39000,Milano,0
26,41,46000,Roma,1
27,53,settantamila,Napoli,1
28,46,53000,Milano,1
29,30,29000,Roma,0
30,34,36000,Napoli,0
31,43,49000,Milano,1
32,50,62000,Roma,1
33,17,21000,Napoli,0
34,37,40000,Milano,0
35,54,72000,Roma,1
36,27,25000,Napoli,0
37,56,78000,Milano,1
38,115,67000,Roma,1
39,24,23000,Napoli,0
40,57,80000,Milano,1
41,33,34000,Roma,0
42,45,51000,Napoli,1
43,39,44000,Milano,0
44,16,19000,Roma,0
45,58,83000,Napoli,1
46,42,47000,Milano,1
47,48,cinquantanovemila,Roma,1
48,35,37000,Napoli,0
49,51,64000,Milano,1
50,29,27000,Roma,0
51,44,49500,Napoli,1
52,37,41500,Milano,0
53,52,66000,Roma,1
54,130,71000,Napoli,1
55,46,54000,Milano,1
56,40,45500,Roma,1
57,31,31000,Napoli,0
58,49,59000,Milano,1
59,34,35500,Roma,0
60,55,74000,Napoli,1
61,28,26500,Milano,0
62,43,48500,Roma,1
63,38,42000,Napoli,0
64,50,61000,Milano,1
65,23,22500,Roma,0
66,56,77000,Napoli,1
67,41,46500,Milano,1
68,36,39500,Roma,0
69,53,69000,Napoli,1
70,14,18000,Milano,0
71,47,56000,Roma,1
72,32,33000,Napoli,0
73,54,73000,Milano,1
74,26,24500,Roma,0
75,48,57500,Napoli,1
76,39,43500,Milano,0
77,125,68000,Roma,1
78,51,63500,Napoli,1
79,35,38500,Milano,0
80,45,52500,Roma,1
81,29,28500,Napoli,0
82,57,81000,Milano,1
83,42,47500,Roma,1
84,37,40500,Napoli,0
85,52,67000,Milano,1
86,25,23500,Roma,0
87,46,54500,Napoli,1
88,40,quarantacinquemila,Milano,1
89,33,34500,Roma,0
90,55,75500,Napoli,1
91,17,20500,Milano,0
92,49,60500,Roma,1
93,44,50500,Napoli,1
94,38,42500,Milano,0
95,53,70000,Roma,1
96,27,25500,Napoli,0
97,50,62500,Milano,1
98,36,39000,Roma,0
99,56,79000,Napoli,1
100,13,17000,Milano,0
101,43,49000,Roma,1
102,31,30500,Napoli,0
103,54,74500,Milano,1
104,22,21500,Roma,0
105,47,56500,Napoli,1
106,39,44000,Milano,0
107,52,sessantaseimila,Roma,1
108,35,37500,Napoli,0
109,48,58500,Milano,1
110,26,24000,Roma,0
111,57,82000,Napoli,1
112,41,46000,Milano,1
113,34,36500,Roma,0
114,51,65500,Napoli,1
115,28,27000,Milano,0
116,140,76000,Roma,1
117,45,53000,Napoli,1
118,38,41000,Milano,0
119,16,19500,Roma,0
120,55,76000,Napoli,1
